Fecha,Region,Contagios,Recuperados,Muertos
2020-03-03,Arica y Parinacota,0,0,0
2020-03-03,Tarapacá,0,0,0
2020-03-03,Antofagasta,0,0,0
2020-03-03,Atacama,0,0,0
2020-03-03,Coquimbo,0,0,0
2020-03-03,Valparaíso,0,0,0
2020-03-03,Metropolitana,0,0,0
2020-03-03,O’Higgins,0,0,0
2020-03-03,Maule,1,0,0
2020-03-03,Ñuble,0,0,0
2020-03-03,Biobío,0,0,0
2020-03-03,Araucanía,0,0,0
2020-03-03,Los Ríos,0,0,0
2020-03-03,Los Lagos,0,0,0
2020-03-03,Aysén,0,0,0
2020-03-03,Magallanes,0,0,0
2020-03-03,Chile,1,0,0
2020-03-04,Arica y Parinacota,0,0,0
2020-03-04,Tarapacá,0,0,0
2020-03-04,Antofagasta,0,0,0
2020-03-04,Atacama,0,0,0
2020-03-04,Coquimbo,0,0,0
2020-03-04,Valparaíso,0,0,0
2020-03-04,Metropolitana,1,0,0
2020-03-04,O’Higgins,0,0,0
2020-03-04,Maule,2,0,0
2020-03-04,Ñuble,0,0,0
2020-03-04,Biobío,0,0,0
2020-03-04,Araucanía,0,0,0
2020-03-04,Los Ríos,0,0,0
2020-03-04,Los Lagos,0,0,0
2020-03-04,Aysén,0,0,0
2020-03-04,Magallanes,0,0,0
2020-03-04,Chile,3,0,0
2020-03-05,Arica y Parinacota,0,0,0
2020-03-05,Tarapacá,0,0,0
2020-03-05,Antofagasta,0,0,0
2020-03-05,Atacama,0,0,0
2020-03-05,Coquimbo,0,0,0
2020-03-05,Valparaíso,0,0,0
2020-03-05,Metropolitana,2,0,0
2020-03-05,O’Higgins,0,0,0
2020-03-05,Maule,2,0,0
2020-03-05,Ñuble,0,0,0
2020-03-05,Biobío,0,0,0
2020-03-05,Araucanía,0,0,0
2020-03-05,Los Ríos,0,0,0
2020-03-05,Los Lagos,0,0,0
2020-03-05,Aysén,0,0,0
2020-03-05,Magallanes,0,0,0
2020-03-05,Chile,4,0,0
2020-03-06,Arica y Parinacota,0,0,0
2020-03-06,Tarapacá,0,0,0
2020-03-06,Antofagasta,0,0,0
2020-03-06,Atacama,0,0,0
2020-03-06,Coquimbo,0,0,0
2020-03-06,Valparaíso,0,0,0
2020-03-06,Metropolitana,3,0,0
2020-03-06,O’Higgins,0,0,0
2020-03-06,Maule,2,0,0
2020-03-06,Ñuble,0,0,0
2020-03-06,Biobío,0,0,0
2020-03-06,Araucanía,0,0,0
2020-03-06,Los Ríos,0,0,0
2020-03-06,Los Lagos,0,0,0
2020-03-06,Aysén,0,0,0
2020-03-06,Magallanes,0,0,0
2020-03-06,Chile,5,0,0
2020-03-07,Arica y Parinacota,0,0,0
2020-03-07,Tarapacá,0,0,0
2020-03-07,Antofagasta,0,0,0
2020-03-07,Atacama,0,0,0
2020-03-07,Coquimbo,0,0,0
2020-03-07,Valparaíso,0,0,0
2020-03-07,Metropolitana,4,0,0
2020-03-07,O’Higgins,0,0,0
2020-03-07,Maule,2,0,0
2020-03-07,Ñuble,0,0,0
2020-03-07,Biobío,0,0,0
2020-03-07,Araucanía,0,0,0
2020-03-07,Los Ríos,0,0,0
2020-03-07,Los Lagos,1,0,0
2020-03-07,Aysén,0,0,0
2020-03-07,Magallanes,0,0,0
2020-03-07,Chile,7,0,0
2020-03-08,Arica y Parinacota,0,0,0
2020-03-08,Tarapacá,0,0,0
2020-03-08,Antofagasta,0,0,0
2020-03-08,Atacama,0,0,0
2020-03-08,Coquimbo,0,0,0
2020-03-08,Valparaíso,0,0,0
2020-03-08,Metropolitana,6,0,0
2020-03-08,O’Higgins,0,0,0
2020-03-08,Maule,3,0,0
2020-03-08,Ñuble,0,0,0
2020-03-08,Biobío,0,0,0
2020-03-08,Araucanía,0,0,0
2020-03-08,Los Ríos,0,0,0
2020-03-08,Los Lagos,1,0,0
2020-03-08,Aysén,0,0,0
2020-03-08,Magallanes,0,0,0
2020-03-08,Chile,10,0,0
2020-03-09,Arica y Parinacota,0,0,0
2020-03-09,Tarapacá,0,0,0
2020-03-09,Antofagasta,0,0,0
2020-03-09,Atacama,0,0,0
2020-03-09,Coquimbo,0,0,0
2020-03-09,Valparaíso,0,0,0
2020-03-09,Metropolitana,9,0,0
2020-03-09,O’Higgins,0,0,0
2020-03-09,Maule,4,0,0
2020-03-09,Ñuble,0,0,0
2020-03-09,Biobío,1,0,0
2020-03-09,Araucanía,0,0,0
2020-03-09,Los Ríos,0,0,0
2020-03-09,Los Lagos,1,0,0
2020-03-09,Aysén,0,0,0
2020-03-09,Magallanes,0,0,0
2020-03-09,Chile,15,0,0
2020-03-10,Arica y Parinacota,0,0,0
2020-03-10,Tarapacá,0,0,0
2020-03-10,Antofagasta,0,0,0
2020-03-10,Atacama,0,0,0
2020-03-10,Coquimbo,0,0,0
2020-03-10,Valparaíso,0,0,0
2020-03-10,Metropolitana,10,0,0
2020-03-10,O’Higgins,0,0,0
2020-03-10,Maule,5,0,0
2020-03-10,Ñuble,0,0,0
2020-03-10,Biobío,1,0,0
2020-03-10,Araucanía,0,0,0
2020-03-10,Los Ríos,0,0,0
2020-03-10,Los Lagos,1,0,0
2020-03-10,Aysén,0,0,0
2020-03-10,Magallanes,0,0,0
2020-03-10,Chile,17,0,0
2020-03-11,Arica y Parinacota,0,0,0
2020-03-11,Tarapacá,0,0,0
2020-03-11,Antofagasta,0,0,0
2020-03-11,Atacama,0,0,0
2020-03-11,Coquimbo,0,0,0
2020-03-11,Valparaíso,0,0,0
2020-03-11,Metropolitana,14,0,0
2020-03-11,O’Higgins,0,0,0
2020-03-11,Maule,7,0,0
2020-03-11,Ñuble,0,0,0
2020-03-11,Biobío,1,0,0
2020-03-11,Araucanía,0,0,0
2020-03-11,Los Ríos,0,0,0
2020-03-11,Los Lagos,1,0,0
2020-03-11,Aysén,0,0,0
2020-03-11,Magallanes,0,0,0
2020-03-11,Chile,23,0,0
2020-03-12,Arica y Parinacota,0,0,0
2020-03-12,Tarapacá,0,0,0
2020-03-12,Antofagasta,0,0,0
2020-03-12,Atacama,0,0,0
2020-03-12,Coquimbo,0,0,0
2020-03-12,Valparaíso,0,0,0
2020-03-12,Metropolitana,23,0,0
2020-03-12,O’Higgins,0,0,0
2020-03-12,Maule,7,0,0
2020-03-12,Ñuble,1,0,0
2020-03-12,Biobío,1,0,0
2020-03-12,Araucanía,0,0,0
2020-03-12,Los Ríos,0,0,0
2020-03-12,Los Lagos,1,0,0
2020-03-12,Aysén,0,0,0
2020-03-12,Magallanes,0,0,0
2020-03-12,Chile,33,0,0
2020-03-13,Arica y Parinacota,0,0,0
2020-03-13,Tarapacá,0,0,0
2020-03-13,Antofagasta,0,0,0
2020-03-13,Atacama,0,0,0
2020-03-13,Coquimbo,0,0,0
2020-03-13,Valparaíso,0,0,0
2020-03-13,Metropolitana,29,0,0
2020-03-13,O’Higgins,0,0,0
2020-03-13,Maule,8,0,0
2020-03-13,Ñuble,2,0,0
2020-03-13,Biobío,3,0,0
2020-03-13,Araucanía,0,0,0
2020-03-13,Los Ríos,0,0,0
2020-03-13,Los Lagos,1,0,0
2020-03-13,Aysén,0,0,0
2020-03-13,Magallanes,0,0,0
2020-03-13,Chile,43,0,0
2020-03-14,Arica y Parinacota,0,0,0
2020-03-14,Tarapacá,0,0,0
2020-03-14,Antofagasta,2,0,0
2020-03-14,Atacama,1,0,0
2020-03-14,Coquimbo,0,0,0
2020-03-14,Valparaíso,0,0,0
2020-03-14,Metropolitana,40,0,0
2020-03-14,O’Higgins,0,0,0
2020-03-14,Maule,9,0,0
2020-03-14,Ñuble,4,0,0
2020-03-14,Biobío,3,0,0
2020-03-14,Araucanía,0,0,0
2020-03-14,Los Ríos,0,0,0
2020-03-14,Los Lagos,1,0,0
2020-03-14,Aysén,1,0,0
2020-03-14,Magallanes,0,0,0
2020-03-14,Chile,61,0,0
2020-03-15,Arica y Parinacota,0,0,0
2020-03-15,Tarapacá,0,0,0
2020-03-15,Antofagasta,2,0,0
2020-03-15,Atacama,1,0,0
2020-03-15,Coquimbo,0,0,0
2020-03-15,Valparaíso,0,0,0
2020-03-15,Metropolitana,54,0,0
2020-03-15,O’Higgins,0,0,0
2020-03-15,Maule,9,0,0
2020-03-15,Ñuble,4,0,0
2020-03-15,Biobío,3,0,0
2020-03-15,Araucanía,0,0,0
2020-03-15,Los Ríos,0,0,0
2020-03-15,Los Lagos,1,0,0
2020-03-15,Aysén,1,0,0
2020-03-15,Magallanes,0,0,0
2020-03-15,Chile,75,0,0
2020-03-16,Arica y Parinacota,0,0,0
2020-03-16,Tarapacá,0,0,0
2020-03-16,Antofagasta,2,0,0
2020-03-16,Atacama,1,0,0
2020-03-16,Coquimbo,0,0,0
2020-03-16,Valparaíso,1,0,0
2020-03-16,Metropolitana,123,0,0
2020-03-16,O’Higgins,0,0,0
2020-03-16,Maule,9,0,0
2020-03-16,Ñuble,12,0,0
2020-03-16,Biobío,4,0,0
2020-03-16,Araucanía,1,0,0
2020-03-16,Los Ríos,1,0,0
2020-03-16,Los Lagos,1,0,0
2020-03-16,Aysén,1,0,0
2020-03-16,Magallanes,0,0,0
2020-03-16,Chile,156,0,0
2020-03-17,Arica y Parinacota,0,0,0
2020-03-17,Tarapacá,0,0,0
2020-03-17,Antofagasta,2,0,0
2020-03-17,Atacama,1,0,0
2020-03-17,Coquimbo,0,0,0
2020-03-17,Valparaíso,1,0,0
2020-03-17,Metropolitana,152,0,0
2020-03-17,O’Higgins,0,0,0
2020-03-17,Maule,9,0,0
2020-03-17,Ñuble,26,0,0
2020-03-17,Biobío,4,0,0
2020-03-17,Araucanía,1,0,0
2020-03-17,Los Ríos,1,0,0
2020-03-17,Los Lagos,1,0,0
2020-03-17,Aysén,1,0,0
2020-03-17,Magallanes,2,0,0
2020-03-17,Chile,201,1,0
2020-03-18,Arica y Parinacota,0,0,0
2020-03-18,Tarapacá,0,0,0
2020-03-18,Antofagasta,2,0,0
2020-03-18,Atacama,1,0,0
2020-03-18,Coquimbo,0,0,0
2020-03-18,Valparaíso,1,0,0
2020-03-18,Metropolitana,174,0,0
2020-03-18,O’Higgins,0,0,0
2020-03-18,Maule,11,0,0
2020-03-18,Ñuble,26,0,0
2020-03-18,Biobío,7,0,0
2020-03-18,Araucanía,4,0,0
2020-03-18,Los Ríos,1,0,0
2020-03-18,Los Lagos,8,0,0
2020-03-18,Aysén,1,0,0
2020-03-18,Magallanes,2,0,0
2020-03-18,Chile,238,3,0
2020-03-19,Arica y Parinacota,1,0,0
2020-03-19,Tarapacá,0,0,0
2020-03-19,Antofagasta,2,0,0
2020-03-19,Atacama,1,0,0
2020-03-19,Coquimbo,2,0,0
2020-03-19,Valparaíso,4,0,0
2020-03-19,Metropolitana,247,0,0
2020-03-19,O’Higgins,2,0,0
2020-03-19,Maule,14,0,0
2020-03-19,Ñuble,28,0,0
2020-03-19,Biobío,14,0,0
2020-03-19,Araucanía,7,0,0
2020-03-19,Los Ríos,1,0,0
2020-03-19,Los Lagos,16,0,0
2020-03-19,Aysén,1,0,0
2020-03-19,Magallanes,2,0,0
2020-03-19,Chile,342,4,0
2020-03-20,Arica y Parinacota,1,0,0
2020-03-20,Tarapacá,0,0,0
2020-03-20,Antofagasta,6,0,0
2020-03-20,Atacama,1,0,0
2020-03-20,Coquimbo,3,0,0
2020-03-20,Valparaíso,5,0,0
2020-03-20,Metropolitana,304,0,0
2020-03-20,O’Higgins,6,0,0
2020-03-20,Maule,14,0,0
2020-03-20,Ñuble,44,0,0
2020-03-20,Biobío,19,0,0
2020-03-20,Araucanía,9,0,0
2020-03-20,Los Ríos,1,0,0
2020-03-20,Los Lagos,18,0,0
2020-03-20,Aysén,1,0,0
2020-03-20,Magallanes,2,0,0
2020-03-20,Chile,434,5,0
2020-03-21,Arica y Parinacota,1,0,0
2020-03-21,Tarapacá,0,0,0
2020-03-21,Antofagasta,10,0,0
2020-03-21,Atacama,1,0,0
2020-03-21,Coquimbo,3,0,0
2020-03-21,Valparaíso,13,0,0
2020-03-21,Metropolitana,359,0,0
2020-03-21,O’Higgins,7,0,0
2020-03-21,Maule,15,0,0
2020-03-21,Ñuble,58,0,0
2020-03-21,Biobío,30,0,0
2020-03-21,Araucanía,15,0,0
2020-03-21,Los Ríos,1,0,0
2020-03-21,Los Lagos,20,0,0
2020-03-21,Aysén,1,0,0
2020-03-21,Magallanes,3,0,0
2020-03-21,Chile,537,6,0
2020-03-22,Arica y Parinacota,2,0,0
2020-03-22,Tarapacá,0,0,0
2020-03-22,Antofagasta,11,0,0
2020-03-22,Atacama,1,0,0
2020-03-22,Coquimbo,5,0,0
2020-03-22,Valparaíso,16,0,0
2020-03-22,Metropolitana,409,0,1
2020-03-22,O’Higgins,8,0,0
2020-03-22,Maule,25,0,0
2020-03-22,Ñuble,64,0,0
2020-03-22,Biobío,35,0,0
2020-03-22,Araucanía,27,0,0
2020-03-22,Los Ríos,1,0,0
2020-03-22,Los Lagos,23,0,0
2020-03-22,Aysén,1,0,0
2020-03-22,Magallanes,4,0,0
2020-03-22,Chile,632,8,1
2020-03-23,Arica y Parinacota,2,0,0
2020-03-23,Tarapacá,1,0,0
2020-03-23,Antofagasta,11,0,0
2020-03-23,Atacama,1,0,0
2020-03-23,Coquimbo,6,0,0
2020-03-23,Valparaíso,19,0,0
2020-03-23,Metropolitana,459,0,1
2020-03-23,O’Higgins,8,0,0
2020-03-23,Maule,28,0,0
2020-03-23,Ñuble,81,0,0
2020-03-23,Biobío,46,0,0
2020-03-23,Araucanía,40,0,0
2020-03-23,Los Ríos,4,0,0
2020-03-23,Los Lagos,33,0,0
2020-03-23,Aysén,1,0,0
2020-03-23,Magallanes,6,0,0
2020-03-23,Chile,746,11,1
2020-03-24,Arica y Parinacota,2,0,0
2020-03-24,Tarapacá,4,0,0
2020-03-24,Antofagasta,13,0,0
2020-03-24,Atacama,1,0,0
2020-03-24,Coquimbo,11,0,0
2020-03-24,Valparaíso,25,0,0
2020-03-24,Metropolitana,540,0,2
2020-03-24,O’Higgins,9,0,0
2020-03-24,Maule,29,0,0
2020-03-24,Ñuble,105,0,0
2020-03-24,Biobío,73,0,0
2020-03-24,Araucanía,59,0,0
2020-03-24,Los Ríos,6,0,0
2020-03-24,Los Lagos,36,0,0
2020-03-24,Aysén,1,0,0
2020-03-24,Magallanes,8,0,0
2020-03-24,Chile,922,17,2
2020-03-25,Arica y Parinacota,2,0,0
2020-03-25,Tarapacá,4,0,0
2020-03-25,Antofagasta,19,0,0
2020-03-25,Atacama,1,0,0
2020-03-25,Coquimbo,12,0,0
2020-03-25,Valparaíso,32,0,0
2020-03-25,Metropolitana,682,0,2
2020-03-25,O’Higgins,11,0,0
2020-03-25,Maule,30,0,0
2020-03-25,Ñuble,111,0,0
2020-03-25,Biobío,95,0,1
2020-03-25,Araucanía,74,0,0
2020-03-25,Los Ríos,11,0,0
2020-03-25,Los Lagos,44,0,0
2020-03-25,Aysén,1,0,0
2020-03-25,Magallanes,13,0,0
2020-03-25,Chile,1142,22,3
2020-03-26,Arica y Parinacota,3,0,0
2020-03-26,Tarapacá,5,0,0
2020-03-26,Antofagasta,20,0,0
2020-03-26,Atacama,1,0,0
2020-03-26,Coquimbo,13,0,0
2020-03-26,Valparaíso,44,0,0
2020-03-26,Metropolitana,746,0,2
2020-03-26,O’Higgins,14,0,0
2020-03-26,Maule,31,0,0
2020-03-26,Ñuble,114,0,0
2020-03-26,Biobío,109,0,2
2020-03-26,Araucanía,111,0,0
2020-03-26,Los Ríos,14,0,0
2020-03-26,Los Lagos,60,0,0
2020-03-26,Aysén,2,0,0
2020-03-26,Magallanes,19,0,0
2020-03-26,Chile,1306,33,4
2020-03-27,Arica y Parinacota,3,0,0
2020-03-27,Tarapacá,5,0,0
2020-03-27,Antofagasta,21,0,0
2020-03-27,Atacama,1,0,0
2020-03-27,Coquimbo,14,0,0
2020-03-27,Valparaíso,49,0,0
2020-03-27,Metropolitana,938,0,3
2020-03-27,O’Higgins,16,0,0
2020-03-27,Maule,32,0,0
2020-03-27,Ñuble,144,0,0
2020-03-27,Biobío,135,0,2
2020-03-27,Araucanía,143,0,0
2020-03-27,Los Ríos,22,0,0
2020-03-27,Los Lagos,63,0,0
2020-03-27,Aysén,2,0,0
2020-03-27,Magallanes,22,0,0
2020-03-27,Chile,1610,43,5
2020-03-28,Arica y Parinacota,3,0,0
2020-03-28,Tarapacá,5,0,0
2020-03-28,Antofagasta,25,0,0
2020-03-28,Atacama,1,0,0
2020-03-28,Coquimbo,15,0,0
2020-03-28,Valparaíso,71,0,0
2020-03-28,Metropolitana,1084,0,3
2020-03-28,O’Higgins,20,0,0
2020-03-28,Maule,37,0,0
2020-03-28,Ñuble,172,0,0
2020-03-28,Biobío,151,0,2
2020-03-28,Araucanía,177,0,1
2020-03-28,Los Ríos,27,0,0
2020-03-28,Los Lagos,93,0,0
2020-03-28,Aysén,2,0,0
2020-03-28,Magallanes,26,0,0
2020-03-28,Chile,1909,61,6
2020-03-29,Arica y Parinacota,4,0,0
2020-03-29,Tarapacá,6,0,0
2020-03-29,Antofagasta,27,0,0
2020-03-29,Atacama,2,0,0
2020-03-29,Coquimbo,18,0,0
2020-03-29,Valparaíso,80,0,0
2020-03-29,Metropolitana,1167,0,3
2020-03-29,O’Higgins,21,0,0
2020-03-29,Maule,42,0,0
2020-03-29,Ñuble,197,0,0
2020-03-29,Biobío,185,0,2
2020-03-29,Araucanía,205,0,2
2020-03-29,Los Ríos,40,0,0
2020-03-29,Los Lagos,104,0,0
2020-03-29,Aysén,2,0,0
2020-03-29,Magallanes,39,0,0
2020-03-29,Chile,2139,75,7
2020-03-30,Arica y Parinacota,6,0,0
2020-03-30,Tarapacá,8,0,0
2020-03-30,Antofagasta,35,0,0
2020-03-30,Atacama,2,0,0
2020-03-30,Coquimbo,27,0,0
2020-03-30,Valparaíso,108,0,0
2020-03-30,Metropolitana,1295,0,3
2020-03-30,O’Higgins,21,0,0
2020-03-30,Maule,54,0,1
2020-03-30,Ñuble,229,0,0
2020-03-30,Biobío,201,0,2
2020-03-30,Araucanía,247,0,2
2020-03-30,Los Ríos,47,0,0
2020-03-30,Los Lagos,128,0,0
2020-03-30,Aysén,2,0,0
2020-03-30,Magallanes,39,0,0
2020-03-30,Chile,2449,156,8
2020-03-31,Arica y Parinacota,6,0,0
2020-03-31,Tarapacá,10,0,0
2020-03-31,Antofagasta,35,0,0
2020-03-31,Atacama,2,0,0
2020-03-31,Coquimbo,28,0,0
2020-03-31,Valparaíso,115,0,1
2020-03-31,Metropolitana,1420,0,4
2020-03-31,O’Higgins,23,0,0
2020-03-31,Maule,62,0,1
2020-03-31,Ñuble,245,0,0
2020-03-31,Biobío,216,0,2
2020-03-31,Araucanía,302,0,4
2020-03-31,Los Ríos,58,0,0
2020-03-31,Los Lagos,151,0,0
2020-03-31,Aysén,2,0,0
2020-03-31,Magallanes,63,0,0
2020-03-31,Chile,2738,201,12
2020-04-01,Arica y Parinacota,6,0,0
2020-04-01,Tarapacá,10,0,0
2020-04-01,Antofagasta,39,0,0
2020-04-01,Atacama,3,0,0
2020-04-01,Coquimbo,30,0,0
2020-04-01,Valparaíso,136,0,1
2020-04-01,Metropolitana,1521,0,5
2020-04-01,O’Higgins,26,0,0
2020-04-01,Maule,71,0,1
2020-04-01,Ñuble,259,0,0
2020-04-01,Biobío,240,0,2
2020-04-01,Araucanía,343,0,6
2020-04-01,Los Ríos,64,0,1
2020-04-01,Los Lagos,181,0,0
2020-04-01,Aysén,3,0,0
2020-04-01,Magallanes,99,0,0
2020-04-01,Chile,3031,234,16
2020-04-02,Arica y Parinacota,7,0,0
2020-04-02,Tarapacá,12,0,0
2020-04-02,Antofagasta,47,0,0
2020-04-02,Atacama,3,0,0
2020-04-02,Coquimbo,34,0,0
2020-04-02,Valparaíso,156,0,1
2020-04-02,Metropolitana,1636,0,6
2020-04-02,O’Higgins,32,0,0
2020-04-02,Maule,82,0,1
2020-04-02,Ñuble,341,0,0
2020-04-02,Biobío,275,0,2
2020-04-02,Araucanía,389,0,7
2020-04-02,Los Ríos,68,0,1
2020-04-02,Los Lagos,203,0,0
2020-04-02,Aysén,5,0,0
2020-04-02,Magallanes,114,0,0
2020-04-02,Chile,3404,335,18
2020-04-03,Arica y Parinacota,12,0,0
2020-04-03,Tarapacá,13,0,0
2020-04-03,Antofagasta,54,0,0
2020-04-03,Atacama,5,0,0
2020-04-03,Coquimbo,35,0,0
2020-04-03,Valparaíso,176,0,1
2020-04-03,Metropolitana,1742,0,8
2020-04-03,O’Higgins,33,0,0
2020-04-03,Maule,89,0,1
2020-04-03,Ñuble,370,0,1
2020-04-03,Biobío,302,0,2
2020-04-03,Araucanía,432,0,7
2020-04-03,Los Ríos,78,0,1
2020-04-03,Los Lagos,234,0,0
2020-04-03,Aysén,6,0,0
2020-04-03,Magallanes,156,0,1
2020-04-03,Chile,3737,427,22
2020-04-04,Arica y Parinacota,12,0,0
2020-04-04,Tarapacá,17,0,0
2020-04-04,Antofagasta,55,0,0
2020-04-04,Atacama,5,0,0
2020-04-04,Coquimbo,44,0,0
2020-04-04,Valparaíso,185,0,1
2020-04-04,Metropolitana,1957,0,9
2020-04-04,O’Higgins,38,0,0
2020-04-04,Maule,97,0,1
2020-04-04,Ñuble,401,0,2
2020-04-04,Biobío,347,0,2
2020-04-04,Araucanía,477,0,9
2020-04-04,Los Ríos,89,0,1
2020-04-04,Los Lagos,259,0,0
2020-04-04,Aysén,6,0,0
2020-04-04,Magallanes,172,0,2
2020-04-04,Chile,4161,528,27
2020-04-05,Arica y Parinacota,28,0,0
2020-04-05,Tarapacá,20,0,0
2020-04-05,Antofagasta,60,0,0
2020-04-05,Atacama,5,0,0
2020-04-05,Coquimbo,50,0,0
2020-04-05,Valparaíso,191,0,1
2020-04-05,Metropolitana,2102,0,10
2020-04-05,O’Higgins,41,0,0
2020-04-05,Maule,103,0,1
2020-04-05,Ñuble,425,0,3
2020-04-05,Biobío,365,0,2
2020-04-05,Araucanía,509,0,13
2020-04-05,Los Ríos,99,0,1
2020-04-05,Los Lagos,276,0,1
2020-04-05,Aysén,7,0,0
2020-04-05,Magallanes,190,0,2
2020-04-05,Chile,4471,617,34
2020-04-06,Arica y Parinacota,41,0,0
2020-04-06,Tarapacá,21,0,0
2020-04-06,Antofagasta,68,0,0
2020-04-06,Atacama,5,0,0
2020-04-06,Coquimbo,51,0,0
2020-04-06,Valparaíso,198,0,1
2020-04-06,Metropolitana,2244,0,10
2020-04-06,O’Higgins,42,0,0
2020-04-06,Maule,108,0,1
2020-04-06,Ñuble,474,0,4
2020-04-06,Biobío,383,0,2
2020-04-06,Araucanía,562,0,14
2020-04-06,Los Ríos,104,0,1
2020-04-06,Los Lagos,286,0,2
2020-04-06,Aysén,7,0,0
2020-04-06,Magallanes,221,0,2
2020-04-06,Chile,4815,728,37
2020-04-07,Arica y Parinacota,53,0,0
2020-04-07,Tarapacá,23,0,0
2020-04-07,Antofagasta,69,0,1
2020-04-07,Atacama,6,0,0
2020-04-07,Coquimbo,52,0,0
2020-04-07,Valparaíso,214,0,1
2020-04-07,Metropolitana,2350,0,12
2020-04-07,O’Higgins,42,0,0
2020-04-07,Maule,108,0,2
2020-04-07,Ñuble,522,0,5
2020-04-07,Biobío,410,0,2
2020-04-07,Araucanía,612,0,14
2020-04-07,Los Ríos,109,0,2
2020-04-07,Los Lagos,299,0,2
2020-04-07,Aysén,7,0,0
2020-04-07,Magallanes,240,0,2
2020-04-07,Chile,5116,898,43
2020-04-08,Arica y Parinacota,63,0,0
2020-04-08,Tarapacá,26,0,0
2020-04-08,Antofagasta,77,0,1
2020-04-08,Atacama,8,0,0
2020-04-08,Coquimbo,56,0,0
2020-04-08,Valparaíso,225,0,2
2020-04-08,Metropolitana,2548,0,14
2020-04-08,O’Higgins,43,0,0
2020-04-08,Maule,119,0,2
2020-04-08,Ñuble,561,0,5
2020-04-08,Biobío,439,0,2
2020-04-08,Araucanía,669,0,15
2020-04-08,Los Ríos,114,0,2
2020-04-08,Los Lagos,325,0,2
2020-04-08,Aysén,7,0,0
2020-04-08,Magallanes,266,0,3
2020-04-08,Chile,5546,1115,48
2020-04-09,Arica y Parinacota,75,0,0
2020-04-09,Tarapacá,29,0,0
2020-04-09,Antofagasta,92,0,1
2020-04-09,Atacama,10,0,0
2020-04-09,Coquimbo,61,0,0
2020-04-09,Valparaíso,230,0,2
2020-04-09,Metropolitana,2832,0,21
2020-04-09,O’Higgins,44,0,0
2020-04-09,Maule,128,0,2
2020-04-09,Ñuble,571,0,6
2020-04-09,Biobío,460,0,2
2020-04-09,Araucanía,689,0,16
2020-04-09,Los Ríos,118,0,2
2020-04-09,Los Lagos,340,0,2
2020-04-09,Aysén,7,0,0
2020-04-09,Magallanes,286,0,3
2020-04-09,Chile,5972,1274,57
2020-04-10,Arica y Parinacota,87,0,0
2020-04-10,Tarapacá,35,0,0
2020-04-10,Antofagasta,110,0,1
2020-04-10,Atacama,13,0,0
2020-04-10,Coquimbo,61,0,0
2020-04-10,Valparaíso,241,0,2
2020-04-10,Metropolitana,3193,0,29
2020-04-10,O’Higgins,44,0,0
2020-04-10,Maule,131,0,2
2020-04-10,Ñuble,589,0,6
2020-04-10,Biobío,474,0,2
2020-04-10,Araucanía,712,0,16
2020-04-10,Los Ríos,124,0,2
2020-04-10,Los Lagos,349,0,2
2020-04-10,Aysén,7,0,0
2020-04-10,Magallanes,331,0,3
2020-04-10,Chile,6501,1571,65
2020-04-11,Arica y Parinacota,107,0,0
2020-04-11,Tarapacá,38,0,0
2020-04-11,Antofagasta,117,0,1
2020-04-11,Atacama,13,0,0
2020-04-11,Coquimbo,64,0,0
2020-04-11,Valparaíso,248,0,2
2020-04-11,Metropolitana,3448,0,32
2020-04-11,O’Higgins,45,0,0
2020-04-11,Maule,134,0,3
2020-04-11,Ñuble,606,0,6
2020-04-11,Biobío,490,0,2
2020-04-11,Araucanía,739,0,17
2020-04-11,Los Ríos,130,0,2
2020-04-11,Los Lagos,364,0,5
2020-04-11,Aysén,7,0,0
2020-04-11,Magallanes,377,0,3
2020-04-11,Chile,6927,1864,73
2020-04-12,Arica y Parinacota,115,0,1
2020-04-12,Tarapacá,46,0,0
2020-04-12,Antofagasta,138,0,1
2020-04-12,Atacama,13,0,0
2020-04-12,Coquimbo,66,0,0
2020-04-12,Valparaíso,254,0,2
2020-04-12,Metropolitana,3599,0,35
2020-04-12,O’Higgins,46,0,0
2020-04-12,Maule,138,0,3
2020-04-12,Ñuble,613,0,7
2020-04-12,Biobío,500,0,2
2020-04-12,Araucanía,775,0,17
2020-04-12,Los Ríos,135,0,3
2020-04-12,Los Lagos,372,0,5
2020-04-12,Aysén,7,0,0
2020-04-12,Magallanes,396,0,4
2020-04-12,Chile,7213,2059,80
2020-04-13,Arica y Parinacota,115,0,1
2020-04-13,Tarapacá,52,0,0
2020-04-13,Antofagasta,149,0,1
2020-04-13,Atacama,13,0,0
2020-04-13,Coquimbo,66,0,0
2020-04-13,Valparaíso,273,0,2
2020-04-13,Metropolitana,3803,0,36
2020-04-13,O’Higgins,48,0,0
2020-04-13,Maule,141,0,3
2020-04-13,Ñuble,618,0,7
2020-04-13,Biobío,512,0,2
2020-04-13,Araucanía,795,0,17
2020-04-13,Los Ríos,138,0,3
2020-04-13,Los Lagos,380,0,5
2020-04-13,Aysén,7,0,0
2020-04-13,Magallanes,415,0,5
2020-04-13,Chile,7525,2367,82
2020-04-14,Arica y Parinacota,120,0,1
2020-04-14,Tarapacá,62,0,0
2020-04-14,Antofagasta,155,0,1
2020-04-14,Atacama,13,0,0
2020-04-14,Coquimbo,66,0,0
2020-04-14,Valparaíso,285,0,2
2020-04-14,Metropolitana,4086,0,40
2020-04-14,O’Higgins,53,0,0
2020-04-14,Maule,142,0,4
2020-04-14,Ñuble,622,0,8
2020-04-14,Biobío,528,0,2
2020-04-14,Araucanía,816,0,20
2020-04-14,Los Ríos,148,0,3
2020-04-14,Los Lagos,385,0,5
2020-04-14,Aysén,7,0,0
2020-04-14,Magallanes,429,0,6
2020-04-14,Chile,7917,2646,92
2020-04-15,Arica y Parinacota,124,0,1
2020-04-15,Tarapacá,62,0,0
2020-04-15,Antofagasta,176,0,1
2020-04-15,Atacama,13,0,0
2020-04-15,Coquimbo,66,0,0
2020-04-15,Valparaíso,299,0,2
2020-04-15,Metropolitana,4334,0,41
2020-04-15,O’Higgins,54,0,0
2020-04-15,Maule,152,0,4
2020-04-15,Ñuble,634,0,8
2020-04-15,Biobío,542,0,2
2020-04-15,Araucanía,826,0,21
2020-04-15,Los Ríos,150,0,3
2020-04-15,Los Lagos,390,0,5
2020-04-15,Aysén,7,0,0
2020-04-15,Magallanes,444,0,6
2020-04-15,Chile,8273,2937,94
2020-04-16,Arica y Parinacota,129,0,1
2020-04-16,Tarapacá,66,0,0
2020-04-16,Antofagasta,192,0,1
2020-04-16,Atacama,13,0,0
2020-04-16,Coquimbo,68,0,0
2020-04-16,Valparaíso,330,0,4
2020-04-16,Metropolitana,4682,0,48
2020-04-16,O’Higgins,54,0,0
2020-04-16,Maule,167,0,4
2020-04-16,Ñuble,639,0,10
2020-04-16,Biobío,559,0,2
2020-04-16,Araucanía,882,0,21
2020-04-16,Los Ríos,153,0,3
2020-04-16,Los Lagos,399,0,5
2020-04-16,Aysén,7,0,0
2020-04-16,Magallanes,467,0,6
2020-04-16,Chile,8807,3299,105
2020-04-17,Arica y Parinacota,134,0,2
2020-04-17,Tarapacá,73,0,0
2020-04-17,Antofagasta,211,0,1
2020-04-17,Atacama,13,0,0
2020-04-17,Coquimbo,68,0,0
2020-04-17,Valparaíso,345,0,4
2020-04-17,Metropolitana,4915,0,51
2020-04-17,O’Higgins,55,0,0
2020-04-17,Maule,223,0,7
2020-04-17,Ñuble,656,0,11
2020-04-17,Biobío,578,0,3
2020-04-17,Araucanía,907,0,22
2020-04-17,Los Ríos,154,0,3
2020-04-17,Los Lagos,412,0,6
2020-04-17,Aysén,7,0,0
2020-04-17,Magallanes,501,0,6
2020-04-17,Chile,9252,3621,116
2020-04-18,Arica y Parinacota,142,0,2
2020-04-18,Tarapacá,81,0,0
2020-04-18,Antofagasta,226,0,1
2020-04-18,Atacama,13,0,0
2020-04-18,Coquimbo,68,0,0
2020-04-18,Valparaíso,359,0,4
2020-04-18,Metropolitana,5192,0,58
2020-04-18,O’Higgins,55,0,0
2020-04-18,Maule,276,0,8
2020-04-18,Ñuble,667,0,12
2020-04-18,Biobío,606,0,3
2020-04-18,Araucanía,944,0,23
2020-04-18,Los Ríos,156,0,3
2020-04-18,Los Lagos,416,0,6
2020-04-18,Aysén,7,0,0
2020-04-18,Magallanes,522,0,6
2020-04-18,Chile,9730,4035,126
2020-04-19,Arica y Parinacota,145,0,2
2020-04-19,Tarapacá,90,0,0
2020-04-19,Antofagasta,249,0,1
2020-04-19,Atacama,13,0,0
2020-04-19,Coquimbo,68,0,0
2020-04-19,Valparaíso,381,0,5
2020-04-19,Metropolitana,5381,0,63
2020-04-19,O’Higgins,55,0,0
2020-04-19,Maule,302,0,8
2020-04-19,Ñuble,678,0,13
2020-04-19,Biobío,616,0,3
2020-04-19,Araucanía,972,0,23
2020-04-19,Los Ríos,157,0,3
2020-04-19,Los Lagos,421,0,6
2020-04-19,Aysén,7,0,0
2020-04-19,Magallanes,553,0,6
2020-04-19,Chile,10088,4338,133
2020-04-20,Arica y Parinacota,161,0,2
2020-04-20,Tarapacá,93,0,0
2020-04-20,Antofagasta,263,0,1
2020-04-20,Atacama,13,0,0
2020-04-20,Coquimbo,69,0,0
2020-04-20,Valparaíso,388,0,5
2020-04-20,Metropolitana,5643,0,67
2020-04-20,O’Higgins,56,0,0
2020-04-20,Maule,304,0,10
2020-04-20,Ñuble,687,0,13
2020-04-20,Biobío,626,0,3
2020-04-20,Araucanía,1045,0,23
2020-04-20,Los Ríos,162,0,3
2020-04-20,Los Lagos,424,0,6
2020-04-20,Aysén,7,0,0
2020-04-20,Magallanes,566,0,6
2020-04-20,Chile,10507,4676,139
2020-04-21,Arica y Parinacota,170,0,2
2020-04-21,Tarapacá,104,0,0
2020-04-21,Antofagasta,291,0,1
2020-04-21,Atacama,13,0,0
2020-04-21,Coquimbo,69,0,0
2020-04-21,Valparaíso,403,0,6
2020-04-21,Metropolitana,5788,0,69
2020-04-21,O’Higgins,57,0,1
2020-04-21,Maule,316,0,10
2020-04-21,Ñuble,694,0,13
2020-04-21,Biobío,636,0,4
2020-04-21,Araucanía,1092,0,25
2020-04-21,Los Ríos,167,0,3
2020-04-21,Los Lagos,432,0,6
2020-04-21,Aysén,7,0,0
2020-04-21,Magallanes,593,0,7
2020-04-21,Chile,10832,4969,147
2020-04-22,Arica y Parinacota,180,0,2
2020-04-22,Tarapacá,114,0,0
2020-04-22,Antofagasta,326,0,2
2020-04-22,Atacama,13,0,0
2020-04-22,Coquimbo,70,0,0
2020-04-22,Valparaíso,421,0,7
2020-04-22,Metropolitana,6083,0,78
2020-04-22,O’Higgins,59,0,1
2020-04-22,Maule,328,0,10
2020-04-22,Ñuble,703,0,13
2020-04-22,Biobío,658,0,5
2020-04-22,Araucanía,1113,0,26
2020-04-22,Los Ríos,171,0,3
2020-04-22,Los Lagos,445,0,6
2020-04-22,Aysén,7,0,0
2020-04-22,Magallanes,605,0,7
2020-04-22,Chile,11296,5386,160
2020-04-23,Arica y Parinacota,210,0,2
2020-04-23,Tarapacá,128,0,0
2020-04-23,Antofagasta,340,0,2
2020-04-23,Atacama,18,0,0
2020-04-23,Coquimbo,70,0,0
2020-04-23,Valparaíso,429,0,7
2020-04-23,Metropolitana,6434,0,85
2020-04-23,O’Higgins,76,0,1
2020-04-23,Maule,333,0,10
2020-04-23,Ñuble,708,0,13
2020-04-23,Biobío,675,0,5
2020-04-23,Araucanía,1142,0,26
2020-04-23,Los Ríos,173,0,3
2020-04-23,Los Lagos,454,0,7
2020-04-23,Aysén,7,0,0
2020-04-23,Magallanes,615,0,7
2020-04-23,Chile,11812,5804,168
2020-04-24,Arica y Parinacota,239,0,3
2020-04-24,Tarapacá,134,0,0
2020-04-24,Antofagasta,366,0,2
2020-04-24,Atacama,21,0,0
2020-04-24,Coquimbo,72,0,0
2020-04-24,Valparaíso,436,0,8
2020-04-24,Metropolitana,6761,0,86
2020-04-24,O’Higgins,81,0,1
2020-04-24,Maule,349,0,10
2020-04-24,Ñuble,715,0,14
2020-04-24,Biobío,683,0,5
2020-04-24,Araucanía,1184,0,26
2020-04-24,Los Ríos,174,0,3
2020-04-24,Los Lagos,460,0,8
2020-04-24,Aysén,7,0,0
2020-04-24,Magallanes,624,0,8
2020-04-24,Chile,12306,6327,174
2020-04-25,Arica y Parinacota,245,0,3
2020-04-25,Tarapacá,143,0,1
2020-04-25,Antofagasta,391,0,3
2020-04-25,Atacama,24,0,0
2020-04-25,Coquimbo,73,0,0
2020-04-25,Valparaíso,454,0,9
2020-04-25,Metropolitana,7165,0,89
2020-04-25,O’Higgins,85,0,1
2020-04-25,Maule,350,0,10
2020-04-25,Ñuble,725,0,14
2020-04-25,Biobío,696,0,5
2020-04-25,Araucanía,1203,0,27
2020-04-25,Los Ríos,177,0,3
2020-04-25,Los Lagos,465,0,8
2020-04-25,Aysén,7,0,0
2020-04-25,Magallanes,655,0,8
2020-04-25,Chile,12858,6746,181
2020-04-26,Arica y Parinacota,252,0,3
2020-04-26,Tarapacá,156,0,1
2020-04-26,Antofagasta,443,0,4
2020-04-26,Atacama,29,0,0
2020-04-26,Coquimbo,73,0,0
2020-04-26,Valparaíso,460,0,9
2020-04-26,Metropolitana,7496,0,91
2020-04-26,O’Higgins,92,0,1
2020-04-26,Maule,354,0,11
2020-04-26,Ñuble,731,0,14
2020-04-26,Biobío,703,0,6
2020-04-26,Araucanía,1216,0,29
2020-04-26,Los Ríos,178,0,3
2020-04-26,Los Lagos,473,0,8
2020-04-26,Aysén,7,0,0
2020-04-26,Magallanes,668,0,9
2020-04-26,Chile,13331,7024,189
2020-04-27,Arica y Parinacota,265,0,3
2020-04-27,Tarapacá,164,0,1
2020-04-27,Antofagasta,457,0,4
2020-04-27,Atacama,35,0,0
2020-04-27,Coquimbo,74,0,0
2020-04-27,Valparaíso,485,0,9
2020-04-27,Metropolitana,7858,0,95
2020-04-27,O’Higgins,94,0,1
2020-04-27,Maule,363,0,12
2020-04-27,Ñuble,741,0,14
2020-04-27,Biobío,706,0,6
2020-04-27,Araucanía,1236,0,32
2020-04-27,Los Ríos,180,0,3
2020-04-27,Los Lagos,477,0,8
2020-04-27,Aysén,7,0,0
2020-04-27,Magallanes,671,0,10
2020-04-27,Chile,13813,7327,198
2020-04-28,Arica y Parinacota,268,0,3
2020-04-28,Tarapacá,169,0,1
2020-04-28,Antofagasta,481,0,4
2020-04-28,Atacama,35,0,0
2020-04-28,Coquimbo,74,0,0
2020-04-28,Valparaíso,493,0,10
2020-04-28,Metropolitana,8300,0,100
2020-04-28,O’Higgins,97,0,1
2020-04-28,Maule,384,0,12
2020-04-28,Ñuble,747,0,14
2020-04-28,Biobío,709,0,7
2020-04-28,Araucanía,1251,0,32
2020-04-28,Los Ríos,180,0,4
2020-04-28,Los Lagos,477,0,9
2020-04-28,Aysén,7,0,0
2020-04-28,Magallanes,693,0,10
2020-04-28,Chile,14365,7710,207
2020-04-29,Arica y Parinacota,272,0,4
2020-04-29,Tarapacá,183,0,1
2020-04-29,Antofagasta,514,0,4
2020-04-29,Atacama,42,0,0
2020-04-29,Coquimbo,76,0,0
2020-04-29,Valparaíso,526,0,12
2020-04-29,Metropolitana,8889,0,104
2020-04-29,O’Higgins,104,0,1
2020-04-29,Maule,392,0,13
2020-04-29,Ñuble,761,0,14
2020-04-29,Biobío,719,0,7
2020-04-29,Araucanía,1273,0,32
2020-04-29,Los Ríos,182,0,4
2020-04-29,Los Lagos,481,0,9
2020-04-29,Aysén,7,0,0
2020-04-29,Magallanes,714,0,11
2020-04-29,Chile,15135,8057,216
2020-04-30,Arica y Parinacota,279,0,4
2020-04-30,Tarapacá,198,0,1
2020-04-30,Antofagasta,546,0,5
2020-04-30,Atacama,43,0,0
2020-04-30,Coquimbo,76,0,0
2020-04-30,Valparaíso,559,0,12
2020-04-30,Metropolitana,9625,0,110
2020-04-30,O’Higgins,108,0,1
2020-04-30,Maule,393,0,13
2020-04-30,Ñuble,768,0,14
2020-04-30,Biobío,727,0,7
2020-04-30,Araucanía,1293,0,35
2020-04-30,Los Ríos,189,0,4
2020-04-30,Los Lagos,487,0,10
2020-04-30,Aysén,7,0,0
2020-04-30,Magallanes,725,0,11
2020-04-30,Chile,16023,8580,227
2020-05-01,Arica y Parinacota,297,0,4
2020-05-01,Tarapacá,200,0,1
2020-05-01,Antofagasta,589,0,7
2020-05-01,Atacama,43,0,0
2020-05-01,Coquimbo,77,0,0
2020-05-01,Valparaíso,568,0,12
2020-05-01,Metropolitana,10516,0,114
2020-05-01,O’Higgins,109,0,1
2020-05-01,Maule,394,0,13
2020-05-01,Ñuble,768,0,14
2020-05-01,Biobío,729,0,7
2020-05-01,Araucanía,1295,0,36
2020-05-01,Los Ríos,189,0,4
2020-05-01,Los Lagos,501,0,10
2020-05-01,Aysén,7,0,0
2020-05-01,Magallanes,726,0,11
2020-05-01,Chile,17008,9018,234
2020-05-02,Arica y Parinacota,307,0,4
2020-05-02,Tarapacá,212,0,1
2020-05-02,Antofagasta,679,0,7
2020-05-02,Atacama,59,0,0
2020-05-02,Coquimbo,78,0,0
2020-05-02,Valparaíso,614,0,13
2020-05-02,Metropolitana,11661,0,122
2020-05-02,O’Higgins,120,0,3
2020-05-02,Maule,396,0,13
2020-05-02,Ñuble,776,0,16
2020-05-02,Biobío,751,0,7
2020-05-02,Araucanía,1314,0,36
2020-05-02,Los Ríos,196,0,4
2020-05-02,Los Lagos,513,0,10
2020-05-02,Aysén,7,0,0
2020-05-02,Magallanes,752,0,11
2020-05-02,Chile,18435,9572,247
2020-05-03,Arica y Parinacota,308,0,4
2020-05-03,Tarapacá,272,0,1
2020-05-03,Antofagasta,740,0,7
2020-05-03,Atacama,67,0,0
2020-05-03,Coquimbo,88,0,0
2020-05-03,Valparaíso,638,0,13
2020-05-03,Metropolitana,12656,0,135
2020-05-03,O’Higgins,125,0,3
2020-05-03,Maule,397,0,13
2020-05-03,Ñuble,786,0,16
2020-05-03,Biobío,759,0,7
2020-05-03,Araucanía,1328,0,36
2020-05-03,Los Ríos,198,0,4
2020-05-03,Los Lagos,517,0,10
2020-05-03,Aysén,7,0,0
2020-05-03,Magallanes,777,0,11
2020-05-03,Chile,19663,10041,260
2020-05-04,Arica y Parinacota,308,0,4
2020-05-04,Tarapacá,295,0,1
2020-05-04,Antofagasta,760,0,7
2020-05-04,Atacama,70,0,0
2020-05-04,Coquimbo,91,0,0
2020-05-04,Valparaíso,656,0,13
2020-05-04,Metropolitana,13528,0,143
2020-05-04,O’Higgins,131,0,3
2020-05-04,Maule,399,0,13
2020-05-04,Ñuble,787,0,17
2020-05-04,Biobío,762,0,8
2020-05-04,Araucanía,1331,0,36
2020-05-04,Los Ríos,199,0,4
2020-05-04,Los Lagos,524,0,10
2020-05-04,Aysén,7,0,0
2020-05-04,Magallanes,795,0,11
2020-05-04,Chile,20643,10415,270
2020-05-05,Arica y Parinacota,315,0,4
2020-05-05,Tarapacá,322,0,1
2020-05-05,Antofagasta,811,0,7
2020-05-05,Atacama,78,0,0
2020-05-05,Coquimbo,97,0,0
2020-05-05,Valparaíso,687,0,15
2020-05-05,Metropolitana,14707,0,146
2020-05-05,O’Higgins,136,0,3
2020-05-05,Maule,408,0,13
2020-05-05,Ñuble,789,0,17
2020-05-05,Biobío,774,0,8
2020-05-05,Araucanía,1352,0,36
2020-05-05,Los Ríos,199,0,4
2020-05-05,Los Lagos,525,0,10
2020-05-05,Aysén,7,0,0
2020-05-05,Magallanes,809,0,11
2020-05-05,Chile,22016,10710,275
2020-05-06,Arica y Parinacota,318,0,5
2020-05-06,Tarapacá,339,0,1
2020-05-06,Antofagasta,855,0,7
2020-05-06,Atacama,80,0,0
2020-05-06,Coquimbo,97,0,0
2020-05-06,Valparaíso,716,0,16
2020-05-06,Metropolitana,15582,0,150
2020-05-06,O’Higgins,145,0,3
2020-05-06,Maule,408,0,13
2020-05-06,Ñuble,791,0,17
2020-05-06,Biobío,789,0,8
2020-05-06,Araucanía,1362,0,36
2020-05-06,Los Ríos,200,0,4
2020-05-06,Los Lagos,541,0,10
2020-05-06,Aysén,7,0,0
2020-05-06,Magallanes,818,0,11
2020-05-06,Chile,23048,11189,281
2020-05-07,Arica y Parinacota,325,0,6
2020-05-07,Tarapacá,417,0,1
2020-05-07,Antofagasta,895,0,7
2020-05-07,Atacama,87,0,0
2020-05-07,Coquimbo,100,0,0
2020-05-07,Valparaíso,781,0,17
2020-05-07,Metropolitana,16828,0,152
2020-05-07,O’Higgins,151,0,3
2020-05-07,Maule,414,0,13
2020-05-07,Ñuble,793,0,17
2020-05-07,Biobío,814,0,8
2020-05-07,Araucanía,1385,0,36
2020-05-07,Los Ríos,202,0,4
2020-05-07,Los Lagos,545,0,10
2020-05-07,Aysén,8,0,0
2020-05-07,Magallanes,836,0,11
2020-05-07,Chile,24581,11664,285
2020-05-08,Arica y Parinacota,327,0,6
2020-05-08,Tarapacá,459,0,1
2020-05-08,Antofagasta,923,0,9
2020-05-08,Atacama,88,0,0
2020-05-08,Coquimbo,111,0,0
2020-05-08,Valparaíso,828,0,18
2020-05-08,Metropolitana,17979,0,157
2020-05-08,O’Higgins,167,0,3
2020-05-08,Maule,425,0,13
2020-05-08,Ñuble,794,0,18
2020-05-08,Biobío,842,0,8
2020-05-08,Araucanía,1403,0,36
2020-05-08,Los Ríos,203,0,4
2020-05-08,Los Lagos,548,0,10
2020-05-08,Aysén,8,0,0
2020-05-08,Magallanes,867,0,11
2020-05-08,Chile,25972,12160,294
2020-05-09,Arica y Parinacota,337,0,6
2020-05-09,Tarapacá,485,0,1
2020-05-09,Antofagasta,947,0,10
2020-05-09,Atacama,117,0,0
2020-05-09,Coquimbo,129,0,0
2020-05-09,Valparaíso,878,0,19
2020-05-09,Metropolitana,18957,0,163
2020-05-09,O’Higgins,182,0,3
2020-05-09,Maule,432,0,14
2020-05-09,Ñuble,801,0,18
2020-05-09,Biobío,882,0,8
2020-05-09,Araucanía,1418,0,36
2020-05-09,Los Ríos,206,0,5
2020-05-09,Los Lagos,559,0,10
2020-05-09,Aysén,8,0,0
2020-05-09,Magallanes,881,0,11
2020-05-09,Chile,27219,12667,304
2020-05-10,Arica y Parinacota,340,0,6
2020-05-10,Tarapacá,520,0,1
2020-05-10,Antofagasta,978,0,10
2020-05-10,Atacama,124,0,0
2020-05-10,Coquimbo,135,0,1
2020-05-10,Valparaíso,933,0,20
2020-05-10,Metropolitana,20353,0,166
2020-05-10,O’Higgins,195,0,3
2020-05-10,Maule,441,0,14
2020-05-10,Ñuble,812,0,18
2020-05-10,Biobío,899,0,8
2020-05-10,Araucanía,1454,0,37
2020-05-10,Los Ríos,206,0,5
2020-05-10,Los Lagos,575,0,10
2020-05-10,Aysén,8,0,0
2020-05-10,Magallanes,893,0,13
2020-05-10,Chile,28866,13112,312
2020-05-11,Arica y Parinacota,351,0,7
2020-05-11,Tarapacá,547,0,1
2020-05-11,Antofagasta,1014,0,10
2020-05-11,Atacama,133,0,0
2020-05-11,Coquimbo,140,0,1
2020-05-11,Valparaíso,970,0,21
2020-05-11,Metropolitana,21317,0,172
2020-05-11,O’Higgins,216,0,4
2020-05-11,Maule,454,0,14
2020-05-11,Ñuble,814,0,18
2020-05-11,Biobío,932,0,8
2020-05-11,Araucanía,1466,0,38
2020-05-11,Los Ríos,208,0,5
2020-05-11,Los Lagos,592,0,10
2020-05-11,Aysén,8,0,0
2020-05-11,Magallanes,901,0,14
2020-05-11,Chile,30063,13605,323
2020-05-12,Arica y Parinacota,351,0,7
2020-05-12,Tarapacá,578,0,1
2020-05-12,Antofagasta,1109,0,10
2020-05-12,Atacama,134,0,0
2020-05-12,Coquimbo,148,0,1
2020-05-12,Valparaíso,1029,0,23
2020-05-12,Metropolitana,22709,0,178
2020-05-12,O’Higgins,224,0,4
2020-05-12,Maule,466,0,14
2020-05-12,Ñuble,826,0,19
2020-05-12,Biobío,942,0,9
2020-05-12,Araucanía,1482,0,39
2020-05-12,Los Ríos,211,0,5
2020-05-12,Los Lagos,594,0,11
2020-05-12,Aysén,8,0,0
2020-05-12,Magallanes,910,0,14
2020-05-12,Chile,31721,14125,335
2020-05-13,Arica y Parinacota,359,0,7
2020-05-13,Tarapacá,615,0,1
2020-05-13,Antofagasta,1216,0,11
2020-05-13,Atacama,139,0,0
2020-05-13,Coquimbo,153,0,1
2020-05-13,Valparaíso,1123,0,24
2020-05-13,Metropolitana,24965,0,184
2020-05-13,O’Higgins,248,0,4
2020-05-13,Maule,485,0,14
2020-05-13,Ñuble,839,0,19
2020-05-13,Biobío,975,0,9
2020-05-13,Araucanía,1495,0,39
2020-05-13,Los Ríos,212,0,6
2020-05-13,Los Lagos,628,0,11
2020-05-13,Aysén,8,0,0
2020-05-13,Magallanes,921,0,16
2020-05-13,Chile,34381,14865,346
2020-05-14,Arica y Parinacota,363,0,7
2020-05-14,Tarapacá,682,0,1
2020-05-14,Antofagasta,1277,0,11
2020-05-14,Atacama,140,0,0
2020-05-14,Coquimbo,165,0,1
2020-05-14,Valparaíso,1213,0,25
2020-05-14,Metropolitana,27216,0,202
2020-05-14,O’Higgins,295,0,4
2020-05-14,Maule,519,0,14
2020-05-14,Ñuble,849,0,20
2020-05-14,Biobío,995,0,9
2020-05-14,Araucanía,1536,0,41
2020-05-14,Los Ríos,214,0,6
2020-05-14,Los Lagos,633,0,11
2020-05-14,Aysén,8,0,0
2020-05-14,Magallanes,935,0,16
2020-05-14,Chile,37040,15655,368
2020-05-15,Arica y Parinacota,368,0,7
2020-05-15,Tarapacá,779,0,2
2020-05-15,Antofagasta,1331,0,12
2020-05-15,Atacama,143,0,0
2020-05-15,Coquimbo,180,0,1
2020-05-15,Valparaíso,1312,0,27
2020-05-15,Metropolitana,29276,0,221
2020-05-15,O’Higgins,323,0,5
2020-05-15,Maule,540,0,14
2020-05-15,Ñuble,885,0,20
2020-05-15,Biobío,1036,0,9
2020-05-15,Araucanía,1564,0,43
2020-05-15,Los Ríos,219,0,6
2020-05-15,Los Lagos,641,0,11
2020-05-15,Aysén,8,0,0
2020-05-15,Magallanes,937,0,16
2020-05-15,Chile,39542,16614,394
2020-05-16,Arica y Parinacota,377,0,7
2020-05-16,Tarapacá,845,0,2
2020-05-16,Antofagasta,1429,0,12
2020-05-16,Atacama,146,0,0
2020-05-16,Coquimbo,187,0,2
2020-05-16,Valparaíso,1365,0,28
2020-05-16,Metropolitana,30794,0,246
2020-05-16,O’Higgins,329,0,5
2020-05-16,Maule,551,0,14
2020-05-16,Ñuble,921,0,20
2020-05-16,Biobío,1074,0,9
2020-05-16,Araucanía,1587,0,43
2020-05-16,Los Ríos,219,0,6
2020-05-16,Los Lagos,644,0,11
2020-05-16,Aysén,8,0,0
2020-05-16,Magallanes,952,0,16
2020-05-16,Chile,41428,18014,421
2020-05-17,Arica y Parinacota,378,0,7
2020-05-17,Tarapacá,975,0,4
2020-05-17,Antofagasta,1505,0,13
2020-05-17,Atacama,149,0,0
2020-05-17,Coquimbo,194,0,2
2020-05-17,Valparaíso,1474,0,29
2020-05-17,Metropolitana,32684,0,270
2020-05-17,O’Higgins,366,0,5
2020-05-17,Maule,573,0,14
2020-05-17,Ñuble,942,0,20
2020-05-17,Biobío,1099,0,9
2020-05-17,Araucanía,1606,0,44
2020-05-17,Los Ríos,220,0,6
2020-05-17,Los Lagos,647,0,11
2020-05-17,Aysén,8,0,0
2020-05-17,Magallanes,961,0,16
2020-05-17,Chile,43781,19213,450
2020-05-18,Arica y Parinacota,398,0,7
2020-05-18,Tarapacá,1056,0,4
2020-05-18,Antofagasta,1589,0,14
2020-05-18,Atacama,157,0,0
2020-05-18,Coquimbo,212,0,2
2020-05-18,Valparaíso,1553,0,30
2020-05-18,Metropolitana,34451,0,294
2020-05-18,O’Higgins,418,0,6
2020-05-18,Maule,602,0,14
2020-05-18,Ñuble,985,0,21
2020-05-18,Biobío,1144,0,9
2020-05-18,Araucanía,1639,0,44
2020-05-18,Los Ríos,224,0,6
2020-05-18,Los Lagos,652,0,11
2020-05-18,Aysén,8,0,0
2020-05-18,Magallanes,971,0,16
2020-05-18,Chile,46059,20165,478
2020-05-19,Arica y Parinacota,422,0,7
2020-05-19,Tarapacá,1109,0,4
2020-05-19,Antofagasta,1648,0,16
2020-05-19,Atacama,158,0,0
2020-05-19,Coquimbo,239,0,2
2020-05-19,Valparaíso,1639,0,32
2020-05-19,Metropolitana,37591,0,318
2020-05-19,O’Higgins,442,0,7
2020-05-19,Maule,640,0,14
2020-05-19,Ñuble,988,0,21
2020-05-19,Biobío,1172,0,9
2020-05-19,Araucanía,1666,0,44
2020-05-19,Los Ríos,229,0,6
2020-05-19,Los Lagos,656,0,12
2020-05-19,Aysén,8,0,0
2020-05-19,Magallanes,972,0,17
2020-05-19,Chile,49579,21507,509
2020-05-20,Arica y Parinacota,424,0,7
2020-05-20,Tarapacá,1139,0,4
2020-05-20,Antofagasta,1731,0,17
2020-05-20,Atacama,163,0,0
2020-05-20,Coquimbo,263,0,2
2020-05-20,Valparaíso,1770,0,35
2020-05-20,Metropolitana,41179,0,348
2020-05-20,O’Higgins,455,0,7
2020-05-20,Maule,680,0,14
2020-05-20,Ñuble,1011,0,21
2020-05-20,Biobío,1224,0,9
2020-05-20,Araucanía,1680,0,44
2020-05-20,Los Ríos,247,0,6
2020-05-20,Los Lagos,666,0,12
2020-05-20,Aysén,8,0,0
2020-05-20,Magallanes,977,0,18
2020-05-20,Chile,53617,22504,544
2020-05-21,Arica y Parinacota,453,0,7
2020-05-21,Tarapacá,1246,0,4
2020-05-21,Antofagasta,1778,0,17
2020-05-21,Atacama,168,0,0
2020-05-21,Coquimbo,268,0,2
2020-05-21,Valparaíso,1887,0,38
2020-05-21,Metropolitana,44641,0,388
2020-05-21,O’Higgins,465,0,7
2020-05-21,Maule,731,0,15
2020-05-21,Ñuble,1020,0,21
2020-05-21,Biobío,1263,0,9
2020-05-21,Araucanía,1715,0,44
2020-05-21,Los Ríos,258,0,6
2020-05-21,Los Lagos,693,0,13
2020-05-21,Aysén,8,0,0
2020-05-21,Magallanes,987,0,18
2020-05-21,Chile,57581,23992,589
2020-05-22,Arica y Parinacota,471,0,7
2020-05-22,Tarapacá,1393,0,5
2020-05-22,Antofagasta,1841,0,17
2020-05-22,Atacama,175,0,0
2020-05-22,Coquimbo,281,0,2
2020-05-22,Valparaíso,2020,0,40
2020-05-22,Metropolitana,48350,0,423
2020-05-22,O’Higgins,492,0,8
2020-05-22,Maule,782,0,15
2020-05-22,Ñuble,1025,0,21
2020-05-22,Biobío,1311,0,10
2020-05-22,Araucanía,1737,0,45
2020-05-22,Los Ríos,262,0,6
2020-05-22,Los Lagos,717,0,13
2020-05-22,Aysén,8,0,0
2020-05-22,Magallanes,992,0,18
2020-05-22,Chile,61857,25342,630
2020-05-23,Arica y Parinacota,482,0,7
2020-05-23,Tarapacá,1471,0,5
2020-05-23,Antofagasta,1897,0,21
2020-05-23,Atacama,182,0,0
2020-05-23,Coquimbo,294,0,2
2020-05-23,Valparaíso,2116,0,44
2020-05-23,Metropolitana,51399,0,455
2020-05-23,O’Higgins,518,0,11
2020-05-23,Maule,823,0,15
2020-05-23,Ñuble,1077,0,21
2020-05-23,Biobío,1354,0,10
2020-05-23,Araucanía,1774,0,45
2020-05-23,Los Ríos,274,0,6
2020-05-23,Los Lagos,727,0,13
2020-05-23,Aysén,8,0,0
2020-05-23,Magallanes,997,0,18
2020-05-23,Chile,65393,26546,673
2020-05-24,Arica y Parinacota,498,0,7
2020-05-24,Tarapacá,1564,0,7
2020-05-24,Antofagasta,1947,0,21
2020-05-24,Atacama,182,0,0
2020-05-24,Coquimbo,323,0,2
2020-05-24,Valparaíso,2230,0,48
2020-05-24,Metropolitana,54544,0,494
2020-05-24,O’Higgins,554,0,11
2020-05-24,Maule,892,0,15
2020-05-24,Ñuble,1102,0,21
2020-05-24,Biobío,1414,0,10
2020-05-24,Araucanía,1808,0,45
2020-05-24,Los Ríos,290,0,6
2020-05-24,Los Lagos,736,0,13
2020-05-24,Aysén,8,0,0
2020-05-24,Magallanes,1010,0,18
2020-05-24,Chile,69102,28148,718
2020-05-25,Arica y Parinacota,513,0,7
2020-05-25,Tarapacá,1630,0,7
2020-05-25,Antofagasta,2015,0,21
2020-05-25,Atacama,185,0,0
2020-05-25,Coquimbo,338,0,2
2020-05-25,Valparaíso,2305,0,53
2020-05-25,Metropolitana,58930,0,529
2020-05-25,O’Higgins,588,0,13
2020-05-25,Maule,953,0,15
2020-05-25,Ñuble,1139,0,22
2020-05-25,Biobío,1458,0,10
2020-05-25,Araucanía,1857,0,45
2020-05-25,Los Ríos,297,0,6
2020-05-25,Los Lagos,763,0,13
2020-05-25,Aysén,10,0,0
2020-05-25,Magallanes,1016,0,18
2020-05-25,Chile,73997,29302,761
2020-05-26,Arica y Parinacota,522,0,7
2020-05-26,Tarapacá,1737,0,8
2020-05-26,Antofagasta,2063,0,23
2020-05-26,Atacama,188,0,0
2020-05-26,Coquimbo,384,0,2
2020-05-26,Valparaíso,2455,0,57
2020-05-26,Metropolitana,62285,0,567
2020-05-26,O’Higgins,654,0,13
2020-05-26,Maule,1013,0,15
2020-05-26,Ñuble,1147,0,22
2020-05-26,Biobío,1502,0,10
2020-05-26,Araucanía,1883,0,45
2020-05-26,Los Ríos,304,0,6
2020-05-26,Los Lagos,781,0,13
2020-05-26,Aysén,12,0,0
2020-05-26,Magallanes,1031,0,18
2020-05-26,Chile,77961,30915,806
2020-05-27,Arica y Parinacota,541,0,7
2020-05-27,Tarapacá,1811,0,11
2020-05-27,Antofagasta,2137,0,25
2020-05-27,Atacama,197,0,0
2020-05-27,Coquimbo,455,0,2
2020-05-27,Valparaíso,2576,0,58
2020-05-27,Metropolitana,66011,0,595
2020-05-27,O’Higgins,691,0,14
2020-05-27,Maule,1066,0,15
2020-05-27,Ñuble,1174,0,22
2020-05-27,Biobío,1565,0,10
2020-05-27,Araucanía,1916,0,45
2020-05-27,Los Ríos,309,0,6
2020-05-27,Los Lagos,791,0,13
2020-05-27,Aysén,12,0,0
2020-05-27,Magallanes,1037,0,18
2020-05-27,Chile,82289,33540,841
2020-05-28,Arica y Parinacota,562,0,7
2020-05-28,Tarapacá,1957,0,12
2020-05-28,Antofagasta,2248,0,28
2020-05-28,Atacama,202,0,0
2020-05-28,Coquimbo,482,0,2
2020-05-28,Valparaíso,2730,0,60
2020-05-28,Metropolitana,69915,0,638
2020-05-28,O’Higgins,705,0,14
2020-05-28,Maule,1120,0,15
2020-05-28,Ñuble,1205,0,22
2020-05-28,Biobío,1677,0,10
2020-05-28,Araucanía,1954,0,45
2020-05-28,Los Ríos,318,0,6
2020-05-28,Los Lagos,814,0,13
2020-05-28,Aysén,14,0,0
2020-05-28,Magallanes,1040,0,18
2020-05-28,Chile,86943,36115,890
2020-05-29,Arica y Parinacota,582,0,7
2020-05-29,Tarapacá,2093,0,14
2020-05-29,Antofagasta,2318,0,28
2020-05-29,Atacama,207,0,0
2020-05-29,Coquimbo,537,0,2
2020-05-29,Valparaíso,2842,0,61
2020-05-29,Metropolitana,72910,0,685
2020-05-29,O’Higgins,745,0,14
2020-05-29,Maule,1180,0,15
2020-05-29,Ñuble,1242,0,22
2020-05-29,Biobío,1778,0,11
2020-05-29,Araucanía,1989,0,47
2020-05-29,Los Ríos,330,0,6
2020-05-29,Los Lagos,822,0,13
2020-05-29,Aysén,16,0,0
2020-05-29,Magallanes,1047,0,19
2020-05-29,Chile,90638,38598,944
2020-05-30,Arica y Parinacota,588,0,7
2020-05-30,Tarapacá,2250,0,18
2020-05-30,Antofagasta,2429,0,29
2020-05-30,Atacama,215,0,0
2020-05-30,Coquimbo,597,0,2
2020-05-30,Valparaíso,3037,0,63
2020-05-30,Metropolitana,76251,0,728
2020-05-30,O’Higgins,756,0,16
2020-05-30,Maule,1256,0,15
2020-05-30,Ñuble,1256,0,23
2020-05-30,Biobío,1888,0,11
2020-05-30,Araucanía,2060,0,47
2020-05-30,Los Ríos,345,0,6
2020-05-30,Los Lagos,860,0,13
2020-05-30,Aysén,16,0,0
2020-05-30,Magallanes,1054,0,19
2020-05-30,Chile,94858,40431,997
2020-05-31,Arica y Parinacota,619,0,7
2020-05-31,Tarapacá,2361,0,21
2020-05-31,Antofagasta,2510,0,31
2020-05-31,Atacama,218,0,0
2020-05-31,Coquimbo,628,0,2
2020-05-31,Valparaíso,3167,0,66
2020-05-31,Metropolitana,80504,0,775
2020-05-31,O’Higgins,785,0,18
2020-05-31,Maule,1297,0,15
2020-05-31,Ñuble,1257,0,23
2020-05-31,Biobío,1979,0,11
2020-05-31,Araucanía,2071,0,47
2020-05-31,Los Ríos,356,0,6
2020-05-31,Los Lagos,863,0,13
2020-05-31,Aysén,17,0,0
2020-05-31,Magallanes,1056,0,19
2020-05-31,Chile,99688,42727,1054
2020-06-01,Arica y Parinacota,636,0,8
2020-06-01,Tarapacá,2526,0,22
2020-06-01,Antofagasta,2585,0,32
2020-06-01,Atacama,232,0,0
2020-06-01,Coquimbo,668,0,2
2020-06-01,Valparaíso,3348,0,70
2020-06-01,Metropolitana,85239,0,824
2020-06-01,O’Higgins,813,0,18
2020-06-01,Maule,1341,0,17
2020-06-01,Ñuble,1290,0,23
2020-06-01,Biobío,2070,0,11
2020-06-01,Araucanía,2111,0,47
2020-06-01,Los Ríos,363,0,7
2020-06-01,Los Lagos,863,0,13
2020-06-01,Aysén,17,0,0
2020-06-01,Magallanes,1056,0,19
2020-06-01,Chile,105159,44946,1113
2020-06-02,Arica y Parinacota,654,0,8
2020-06-02,Tarapacá,2594,0,23
2020-06-02,Antofagasta,2649,0,34
2020-06-02,Atacama,236,0,0
2020-06-02,Coquimbo,687,0,2
2020-06-02,Valparaíso,3595,0,72
2020-06-02,Metropolitana,88194,0,894
2020-06-02,O’Higgins,843,0,18
2020-06-02,Maule,1381,0,17
2020-06-02,Ñuble,1290,0,23
2020-06-02,Biobío,2082,0,11
2020-06-02,Araucanía,2141,0,47
2020-06-02,Los Ríos,368,0,7
2020-06-02,Los Lagos,894,0,13
2020-06-02,Aysén,18,0,0
2020-06-02,Magallanes,1060,0,19
2020-06-02,Chile,108686,86173,1188
2020-06-03,Arica y Parinacota,701,0,8
2020-06-03,Tarapacá,2682,0,28
2020-06-03,Antofagasta,2716,0,36
2020-06-03,Atacama,242,0,0
2020-06-03,Coquimbo,718,0,4
2020-06-03,Valparaíso,3769,0,77
2020-06-03,Metropolitana,92191,0,961
2020-06-03,O’Higgins,931,0,20
2020-06-03,Maule,1595,0,19
2020-06-03,Ñuble,1329,0,24
2020-06-03,Biobío,2215,0,11
2020-06-03,Araucanía,2173,0,47
2020-06-03,Los Ríos,372,0,8
2020-06-03,Los Lagos,913,0,13
2020-06-03,Aysén,18,0,0
2020-06-03,Magallanes,1063,0,19
2020-06-03,Chile,113628,90748,1275
2020-06-04,Arica y Parinacota,736,0,8
2020-06-04,Tarapacá,2810,0,28
2020-06-04,Antofagasta,2862,0,38
2020-06-04,Atacama,258,0,0
2020-06-04,Coquimbo,772,0,4
2020-06-04,Valparaíso,4017,0,78
2020-06-04,Metropolitana,95890,0,1034
2020-06-04,O’Higgins,967,0,21
2020-06-04,Maule,1732,0,21
2020-06-04,Ñuble,1372,0,24
2020-06-04,Biobío,2301,0,13
2020-06-04,Araucanía,2182,0,47
2020-06-04,Los Ríos,379,0,8
2020-06-04,Los Lagos,926,0,13
2020-06-04,Aysén,19,0,0
2020-06-04,Magallanes,1069,0,19
2020-06-04,Chile,118292,95631,1356
2020-06-05,Arica y Parinacota,782,0,9
2020-06-05,Tarapacá,2965,0,28
2020-06-05,Antofagasta,2924,0,42
2020-06-05,Atacama,269,0,0
2020-06-05,Coquimbo,832,0,5
2020-06-05,Valparaíso,4266,0,88
2020-06-05,Metropolitana,99066,0,1105
2020-06-05,O’Higgins,1016,0,22
2020-06-05,Maule,1834,0,24
2020-06-05,Ñuble,1429,0,24
2020-06-05,Biobío,2379,0,13
2020-06-05,Araucanía,2288,0,48
2020-06-05,Los Ríos,390,0,8
2020-06-05,Los Lagos,968,0,13
2020-06-05,Aysén,19,0,0
2020-06-05,Magallanes,1072,0,19
2020-06-05,Chile,122499,99358,1448
2020-06-06,Arica y Parinacota,819,0,9
2020-06-06,Tarapacá,3094,0,30
2020-06-06,Antofagasta,3033,0,47
2020-06-06,Atacama,281,0,0
2020-06-06,Coquimbo,898,0,5
2020-06-06,Valparaíso,4580,0,91
2020-06-06,Metropolitana,103194,0,1184
2020-06-06,O’Higgins,1111,0,25
2020-06-06,Maule,1969,0,24
2020-06-06,Ñuble,1470,0,24
2020-06-06,Biobío,2490,0,13
2020-06-06,Araucanía,2321,0,49
2020-06-06,Los Ríos,400,0,8
2020-06-06,Los Lagos,985,0,13
2020-06-06,Aysén,19,0,0
2020-06-06,Magallanes,1081,0,19
2020-06-06,Chile,127745,103817,1541
2020-06-07,Arica y Parinacota,850,0,10
2020-06-07,Tarapacá,3250,0,32
2020-06-07,Antofagasta,3154,0,47
2020-06-07,Atacama,306,0,0
2020-06-07,Coquimbo,990,0,5
2020-06-07,Valparaíso,4862,0,93
2020-06-07,Metropolitana,108462,0,1273
2020-06-07,O’Higgins,1183,0,25
2020-06-07,Maule,2109,0,24
2020-06-07,Ñuble,1490,0,25
2020-06-07,Biobío,2595,0,13
2020-06-07,Araucanía,2377,0,50
2020-06-07,Los Ríos,417,0,8
2020-06-07,Los Lagos,1003,0,13
2020-06-07,Aysén,20,0,0
2020-06-07,Magallanes,1082,0,19
2020-06-07,Chile,134150,108150,1637
2020-06-08,Arica y Parinacota,874,0,8
2020-06-08,Tarapacá,3392,0,35
2020-06-08,Antofagasta,3245,0,45
2020-06-08,Atacama,339,0,0
2020-06-08,Coquimbo,1123,0,5
2020-06-08,Valparaíso,5149,0,85
2020-06-08,Metropolitana,112136,0,1950
2020-06-08,O’Higgins,1255,0,22
2020-06-08,Maule,2176,0,18
2020-06-08,Ñuble,1552,0,18
2020-06-08,Biobío,2651,0,11
2020-06-08,Araucanía,2410,0,32
2020-06-08,Los Ríos,425,0,8
2020-06-08,Los Lagos,1010,0,12
2020-06-08,Aysén,21,0,0
2020-06-08,Magallanes,1088,0,15
2020-06-08,Chile,138846,112248,2264
2020-06-09,Arica y Parinacota,914,0,8
2020-06-09,Tarapacá,3491,0,35
2020-06-09,Antofagasta,3402,0,45
2020-06-09,Atacama,339,0,0
2020-06-09,Coquimbo,1175,0,5
2020-06-09,Valparaíso,5391,0,85
2020-06-09,Metropolitana,115126,0,1968
2020-06-09,O’Higgins,1317,0,23
2020-06-09,Maule,2289,0,18
2020-06-09,Ñuble,1584,0,18
2020-06-09,Biobío,2694,0,11
2020-06-09,Araucanía,2445,0,32
2020-06-09,Los Ríos,446,0,8
2020-06-09,Los Lagos,1028,0,12
2020-06-09,Aysén,21,0,0
2020-06-09,Magallanes,1088,0,15
2020-06-09,Chile,142759,117361,2283
2020-06-10,Arica y Parinacota,930,0,10
2020-06-10,Tarapacá,3591,0,46
2020-06-10,Antofagasta,3559,0,56
2020-06-10,Atacama,365,0,0
2020-06-10,Coquimbo,1256,0,6
2020-06-10,Valparaíso,5614,0,99
2020-06-10,Metropolitana,119746,0,2115
2020-06-10,O’Higgins,1442,0,26
2020-06-10,Maule,2440,0,18
2020-06-10,Ñuble,1616,0,20
2020-06-10,Biobío,2846,0,11
2020-06-10,Araucanía,2448,0,33
2020-06-10,Los Ríos,452,0,8
2020-06-10,Los Lagos,1041,0,12
2020-06-10,Aysén,21,0,0
2020-06-10,Magallanes,1089,0,15
2020-06-10,Chile,148496,121820,2475
2020-06-11,Arica y Parinacota,967,0,10
2020-06-11,Tarapacá,3696,0,46
2020-06-11,Antofagasta,3753,0,57
2020-06-11,Atacama,389,0,0
2020-06-11,Coquimbo,1345,0,7
2020-06-11,Valparaíso,5865,0,107
2020-06-11,Metropolitana,124135,0,2273
2020-06-11,O’Higgins,1552,0,28
2020-06-11,Maule,2560,0,19
2020-06-11,Ñuble,1673,0,20
2020-06-11,Biobío,2974,0,12
2020-06-11,Araucanía,2535,0,34
2020-06-11,Los Ríos,462,0,8
2020-06-11,Los Lagos,1062,0,12
2020-06-11,Aysén,22,0,0
2020-06-11,Magallanes,1102,0,15
2020-06-11,Chile,154092,126444,2648
2020-06-12,Arica y Parinacota,1011,0,10
2020-06-12,Tarapacá,3823,0,48
2020-06-12,Antofagasta,3885,0,65
2020-06-12,Atacama,413,0,0
2020-06-12,Coquimbo,1438,0,7
2020-06-12,Valparaíso,6171,0,118
2020-06-12,Metropolitana,129694,0,2468
2020-06-12,O’Higgins,1629,0,30
2020-06-12,Maule,2691,0,19
2020-06-12,Ñuble,1718,0,20
2020-06-12,Biobío,3103,0,14
2020-06-12,Araucanía,2579,0,35
2020-06-12,Los Ríos,479,0,9
2020-06-12,Los Lagos,1083,0,12
2020-06-12,Aysén,22,0,0
2020-06-12,Magallanes,1107,0,15
2020-06-12,Chile,160846,131358,2870
2020-06-13,Arica y Parinacota,1062,0,10
2020-06-13,Tarapacá,4004,0,52
2020-06-13,Antofagasta,4038,0,67
2020-06-13,Atacama,436,0,0
2020-06-13,Coquimbo,1512,0,8
2020-06-13,Valparaíso,6527,0,120
2020-06-13,Metropolitana,134751,0,2681
2020-06-13,O’Higgins,1788,0,32
2020-06-13,Maule,2844,0,20
2020-06-13,Ñuble,1737,0,22
2020-06-13,Biobío,3269,0,16
2020-06-13,Araucanía,2645,0,36
2020-06-13,Los Ríos,487,0,9
2020-06-13,Los Lagos,1108,0,13
2020-06-13,Aysén,24,0,0
2020-06-13,Magallanes,1123,0,15
2020-06-13,Chile,167355,137296,3101
2020-06-14,Arica y Parinacota,1109,0,11
2020-06-14,Tarapacá,4145,0,58
2020-06-14,Antofagasta,4286,0,72
2020-06-14,Atacama,448,0,0
2020-06-14,Coquimbo,1556,0,10
2020-06-14,Valparaíso,6758,0,125
2020-06-14,Metropolitana,140398,0,2878
2020-06-14,O’Higgins,1927,0,33
2020-06-14,Maule,2997,0,23
2020-06-14,Ñuble,1778,0,22
2020-06-14,Biobío,3401,0,18
2020-06-14,Araucanía,2675,0,36
2020-06-14,Los Ríos,497,0,9
2020-06-14,Los Lagos,1141,0,13
2020-06-14,Aysén,24,0,0
2020-06-14,Magallanes,1153,0,15
2020-06-14,Chile,174293,143704,3323
2020-06-15,Arica y Parinacota,1139,0,11
2020-06-15,Tarapacá,4258,0,58
2020-06-15,Antofagasta,4556,0,72
2020-06-15,Atacama,484,0,0
2020-06-15,Coquimbo,1676,0,10
2020-06-15,Valparaíso,7012,0,126
2020-06-15,Metropolitana,144280,0,2913
2020-06-15,O’Higgins,2012,0,35
2020-06-15,Maule,3091,0,23
2020-06-15,Ñuble,1832,0,22
2020-06-15,Biobío,3460,0,19
2020-06-15,Araucanía,2728,0,36
2020-06-15,Los Ríos,529,0,9
2020-06-15,Los Lagos,1168,0,13
2020-06-15,Aysén,26,0,0
2020-06-15,Magallanes,1185,0,15
2020-06-15,Chile,179436,148792,3362
2020-06-16,Arica y Parinacota,1156,0,11
2020-06-16,Tarapacá,4365,0,58
2020-06-16,Antofagasta,4643,0,72
2020-06-16,Atacama,502,0,0
2020-06-16,Coquimbo,1720,0,10
2020-06-16,Valparaíso,7262,0,126
2020-06-16,Metropolitana,148302,0,2934
2020-06-16,O’Higgins,2221,0,35
2020-06-16,Maule,3189,0,23
2020-06-16,Ñuble,1852,0,22
2020-06-16,Biobío,3515,0,19
2020-06-16,Araucanía,2775,0,36
2020-06-16,Los Ríos,533,0,9
2020-06-16,Los Lagos,1178,0,13
2020-06-16,Aysén,26,0,0
2020-06-16,Magallanes,1210,0,15
2020-06-16,Chile,184449,156232,3383
2020-06-17,Arica y Parinacota,1218,0,11
2020-06-17,Tarapacá,4787,0,67
2020-06-17,Antofagasta,5241,0,81
2020-06-17,Atacama,561,0,0
2020-06-17,Coquimbo,1980,0,12
2020-06-17,Valparaíso,8253,0,141
2020-06-17,Metropolitana,180532,0,3114
2020-06-17,O’Higgins,2797,0,41
2020-06-17,Maule,3386,0,24
2020-06-17,Ñuble,1929,0,24
2020-06-17,Biobío,4015,0,25
2020-06-17,Araucanía,2815,0,36
2020-06-17,Los Ríos,555,0,10
2020-06-17,Los Lagos,1249,0,14
2020-06-17,Aysén,26,0,0
2020-06-17,Magallanes,1284,0,15
2020-06-17,Chile,220628,181931,3615
2020-06-18,Arica y Parinacota,1239,0,12
2020-06-18,Tarapacá,4869,0,68
2020-06-18,Antofagasta,5528,0,87
2020-06-18,Atacama,586,0,0
2020-06-18,Coquimbo,2076,0,15
2020-06-18,Valparaíso,8473,0,143
2020-06-18,Metropolitana,183553,0,3319
2020-06-18,O’Higgins,3017,0,44
2020-06-18,Maule,3592,0,25
2020-06-18,Ñuble,1974,0,24
2020-06-18,Biobío,4183,0,28
2020-06-18,Araucanía,2864,0,37
2020-06-18,Los Ríos,567,0,10
2020-06-18,Los Lagos,1263,0,14
2020-06-18,Aysén,26,0,0
2020-06-18,Magallanes,1293,0,15
2020-06-18,Chile,225103,186441,3841
2020-06-19,Arica y Parinacota,1295,0,12
2020-06-19,Tarapacá,4995,0,71
2020-06-19,Antofagasta,5828,0,93
2020-06-19,Atacama,623,0,0
2020-06-19,Coquimbo,2195,0,16
2020-06-19,Valparaíso,8758,0,150
2020-06-19,Metropolitana,187974,0,3545
2020-06-19,O’Higgins,3311,0,46
2020-06-19,Maule,3807,0,27
2020-06-19,Ñuble,2103,0,25
2020-06-19,Biobío,4401,0,31
2020-06-19,Araucanía,2897,0,38
2020-06-19,Los Ríos,579,0,10
2020-06-19,Los Lagos,1298,0,14
2020-06-19,Aysén,27,0,0
2020-06-19,Magallanes,1302,0,15
2020-06-19,Chile,231393,191491,4093
