Fecha,Pais,Contagios,Muertos
2019-12-31,China,27.0,0.0
2020-01-01,China,27.0,0.0
2020-01-02,China,27.0,0.0
2020-01-03,China,44.0,0.0
2020-01-04,China,44.0,0.0
2020-01-05,China,59.0,0.0
2020-01-06,China,59.0,0.0
2020-01-07,China,59.0,0.0
2020-01-08,China,59.0,0.0
2020-01-09,China,59.0,0.0
2020-01-10,China,59.0,0.0
2020-01-11,China,59.0,1.0
2020-01-12,China,59.0,1.0
2020-01-13,China,59.0,1.0
2020-01-14,China,59.0,1.0
2020-01-15,China,59.0,2.0
2020-01-16,China,59.0,2.0
2020-01-17,China,63.0,2.0
2020-01-18,China,80.0,2.0
2020-01-19,China,216.0,3.0
2020-01-20,China,235.0,3.0
2020-01-21,China,386.0,6.0
2020-01-22,China,526.0,17.0
2020-01-23,China,623.0,17.0
2020-01-24,China,882.0,26.0
2020-01-25,China,1323.0,41.0
2020-01-26,China,1988.0,56.0
2020-01-27,China,2775.0,81.0
2020-01-28,China,4528.0,106.0
2020-01-29,China,5994.0,132.0
2020-01-30,China,7734.0,170.0
2020-01-31,China,9714.0,213.0
2020-02-01,China,11809.0,259.0
2020-02-02,China,14399.0,304.0
2020-02-03,China,17211.0,361.0
2020-02-04,China,20448.0,426.0
2020-02-05,China,24320.0,492.0
2020-02-06,China,28047.0,564.0
2020-02-07,China,31207.0,637.0
2020-02-08,China,34625.0,723.0
2020-02-09,China,37232.0,812.0
2020-02-10,China,40206.0,909.0
2020-02-11,China,42696.0,1017.0
2020-02-12,China,44724.0,1114.0
2020-02-13,China,59865.0,1368.0
2020-02-14,China,64021.0,1381.0
2020-02-15,China,66559.0,1524.0
2020-02-16,China,68566.0,1666.0
2020-02-17,China,70618.0,1771.0
2020-02-18,China,72508.0,1869.0
2020-02-19,China,74258.0,2008.0
2020-02-20,China,74652.0,2120.0
2020-02-21,China,75543.0,2238.0
2020-02-22,China,76369.0,2347.0
2020-02-23,China,77016.0,2445.0
2020-02-24,China,77234.0,2595.0
2020-02-25,China,77749.0,2665.0
2020-02-26,China,78159.0,2717.0
2020-02-27,China,78598.0,2746.0
2020-02-28,China,78927.0,2790.0
2020-02-29,China,79355.0,2837.0
2020-03-01,China,79929.0,2872.0
2020-03-02,China,80134.0,2914.0
2020-03-03,China,80261.0,2946.0
2020-03-04,China,80380.0,2983.0
2020-03-05,China,80497.0,3014.0
2020-03-06,China,80667.0,3044.0
2020-03-07,China,80768.0,3072.0
2020-03-08,China,80814.0,3099.0
2020-03-09,China,80859.0,3122.0
2020-03-10,China,80879.0,3139.0
2020-03-11,China,80908.0,3161.0
2020-03-12,China,80932.0,3172.0
2020-03-13,China,80954.0,3179.0
2020-03-14,China,80973.0,3194.0
2020-03-15,China,80995.0,3203.0
2020-03-16,China,81020.0,3216.0
2020-03-17,China,81063.0,3225.0
2020-03-18,China,81086.0,3241.0
2020-03-19,China,81130.0,3249.0
2020-03-20,China,81229.0,3253.0
2020-03-21,China,81281.0,3259.0
2020-03-22,China,81346.0,3265.0
2020-03-23,China,81484.0,3274.0
2020-03-24,China,81553.0,3281.0
2020-03-25,China,81631.0,3285.0
2020-03-26,China,81733.0,3291.0
2020-03-27,China,81827.0,3296.0
2020-03-28,China,81946.0,3299.0
2020-03-29,China,82059.0,3304.0
2020-03-30,China,82157.0,3306.0
2020-03-31,China,82241.0,3309.0
2020-04-01,China,82295.0,3310.0
2020-04-02,China,82395.0,3316.0
2020-04-03,China,82465.0,3326.0
2020-04-04,China,82527.0,3330.0
2020-04-05,China,82575.0,3333.0
2020-04-06,China,82642.0,3335.0
2020-04-07,China,82698.0,3335.0
2020-04-08,China,82784.0,3337.0
2020-04-09,China,82870.0,3339.0
2020-04-10,China,82925.0,3340.0
2020-04-11,China,83004.0,3343.0
2020-04-12,China,83097.0,3343.0
2020-04-13,China,83209.0,3345.0
2020-04-14,China,83303.0,3345.0
2020-04-15,China,83352.0,3346.0
2020-04-16,China,83402.0,3346.0
2020-04-17,China,83754.0,4636.0
2020-04-18,China,83785.0,4636.0
2020-04-19,China,83803.0,4636.0
2020-04-20,China,83817.0,4636.0
2020-04-21,China,83849.0,4636.0
2020-04-22,China,83864.0,4636.0
2020-04-23,China,83876.0,4636.0
2020-04-24,China,83884.0,4636.0
2020-04-25,China,83899.0,4636.0
2020-04-26,China,83909.0,4636.0
2020-04-27,China,83912.0,4637.0
2020-04-28,China,83938.0,4637.0
2020-04-29,China,83940.0,4637.0
2020-04-30,China,83944.0,4637.0
2020-05-01,China,83956.0,4637.0
2020-05-02,China,83959.0,4637.0
2020-05-03,China,83961.0,4637.0
2020-05-04,China,83964.0,4637.0
2020-05-05,China,83966.0,4637.0
2020-05-06,China,83968.0,4637.0
2020-05-07,China,83970.0,4637.0
2020-05-08,China,83976.0,4637.0
2020-05-09,China,83976.0,4637.0
2020-05-10,China,83991.0,4637.0
2020-05-11,China,84010.0,4637.0
2020-05-12,China,84011.0,4637.0
2020-05-13,China,84018.0,4637.0
2020-05-14,China,84024.0,4637.0
2020-05-15,China,84029.0,4637.0
2020-05-16,China,84038.0,4637.0
2020-05-17,China,84044.0,4638.0
2020-05-18,China,84054.0,4638.0
2020-05-19,China,84063.0,4638.0
2020-05-20,China,84065.0,4638.0
2020-05-21,China,84067.0,4638.0
2020-05-22,China,84079.0,4638.0
2020-05-23,China,84081.0,4638.0
2020-05-24,China,84084.0,4638.0
2020-05-25,China,84095.0,4638.0
2020-05-26,China,84102.0,4638.0
2020-05-27,China,84103.0,4638.0
2020-05-28,China,84106.0,4638.0
2020-05-29,China,84106.0,4638.0
2020-05-30,China,84123.0,4638.0
2020-05-31,China,84128.0,4638.0
2020-06-01,China,84147.0,4638.0
2020-06-02,China,84154.0,4638.0
2020-06-03,China,84159.0,4638.0
2020-06-04,China,84160.0,4638.0
2020-06-05,China,84171.0,4638.0
2020-06-06,China,84177.0,4638.0
2020-06-07,China,84186.0,4638.0
2020-06-08,China,84191.0,4638.0
2020-06-09,China,84194.0,4638.0
2020-06-10,China,84198.0,4638.0
2020-06-11,China,84209.0,4638.0
2020-06-12,China,84216.0,4638.0
2020-06-13,China,84228.0,4638.0
2020-06-14,China,84288.0,4638.0
2020-06-15,China,84335.0,4638.0
2020-06-16,China,84378.0,4638.0
2020-06-17,China,84422.0,4638.0
2020-06-18,China,84458.0,4638.0
2020-06-19,China,84494.0,4638.0
2020-06-20,China,84524.0,4638.0
2020-06-21,China,84553.0,4639.0
2020-06-22,China,84572.0,4639.0
2020-06-23,China,84624.0,4639.0
2020-06-24,China,84653.0,4640.0
2020-06-25,China,84673.0,4640.0
2020-06-26,China,84701.0,4641.0
2020-06-27,China,84725.0,4641.0
2020-06-28,China,84743.0,4641.0
2020-06-29,China,84757.0,4641.0
2020-06-30,China,84780.0,4641.0
2020-07-01,China,84785.0,4641.0
2020-07-02,China,84816.0,4641.0
2020-07-03,China,84830.0,4641.0
2020-07-04,China,84839.0,4641.0
2020-07-05,China,84857.0,4641.0
2020-07-06,China,84871.0,4641.0
2020-07-07,China,84896.0,4641.0
2020-07-08,China,84917.0,4641.0
2020-07-09,China,84950.0,4641.0
2020-07-10,China,84996.0,4641.0
2020-07-11,China,85036.0,4641.0
2020-07-12,China,85071.0,4641.0
2020-07-13,China,85117.0,4641.0
2020-07-14,China,85172.0,4642.0
2020-07-15,China,85226.0,4642.0
2020-07-16,China,85246.0,4644.0
2020-07-17,China,85323.0,4644.0
2020-07-18,China,85403.0,4645.0
2020-07-19,China,85483.0,4646.0
2020-07-20,China,85613.0,4646.0
2020-07-21,China,85697.0,4646.0
2020-07-22,China,85771.0,4648.0
2020-07-23,China,85906.0,4648.0
2020-07-24,China,86045.0,4649.0
2020-07-25,China,86202.0,4650.0
2020-07-26,China,86381.0,4652.0
2020-07-27,China,86570.0,4652.0
2020-07-28,China,86783.0,4656.0
2020-07-29,China,86990.0,4657.0
2020-07-30,China,87213.0,4659.0
2020-07-31,China,87489.0,4659.0
2020-01-21,United States,1.0,0.0
2020-01-22,United States,1.0,0.0
2020-01-23,United States,1.0,0.0
2020-01-24,United States,1.0,0.0
2020-01-25,United States,2.0,0.0
2020-01-26,United States,2.0,0.0
2020-01-27,United States,5.0,0.0
2020-01-28,United States,5.0,0.0
2020-01-29,United States,5.0,0.0
2020-01-30,United States,5.0,0.0
2020-01-31,United States,6.0,0.0
2020-02-01,United States,7.0,0.0
2020-02-02,United States,8.0,0.0
2020-02-03,United States,11.0,0.0
2020-02-04,United States,11.0,0.0
2020-02-05,United States,11.0,0.0
2020-02-06,United States,12.0,0.0
2020-02-07,United States,12.0,0.0
2020-02-08,United States,12.0,0.0
2020-02-09,United States,12.0,0.0
2020-02-10,United States,12.0,0.0
2020-02-11,United States,13.0,0.0
2020-02-12,United States,13.0,0.0
2020-02-13,United States,14.0,0.0
2020-02-14,United States,15.0,0.0
2020-02-15,United States,15.0,0.0
2020-02-16,United States,15.0,0.0
2020-02-17,United States,15.0,0.0
2020-02-18,United States,15.0,0.0
2020-02-19,United States,15.0,0.0
2020-02-20,United States,15.0,0.0
2020-02-21,United States,16.0,0.0
2020-02-22,United States,35.0,0.0
2020-02-23,United States,35.0,0.0
2020-02-24,United States,35.0,0.0
2020-02-25,United States,53.0,0.0
2020-02-26,United States,53.0,0.0
2020-02-27,United States,59.0,0.0
2020-02-28,United States,60.0,0.0
2020-02-29,United States,66.0,0.0
2020-03-01,United States,69.0,1.0
2020-03-02,United States,89.0,2.0
2020-03-03,United States,103.0,6.0
2020-03-04,United States,125.0,9.0
2020-03-05,United States,159.0,11.0
2020-03-06,United States,233.0,12.0
2020-03-07,United States,338.0,14.0
2020-03-08,United States,433.0,17.0
2020-03-09,United States,554.0,21.0
2020-03-10,United States,754.0,26.0
2020-03-11,United States,1025.0,28.0
2020-03-12,United States,1312.0,30.0
2020-03-13,United States,1663.0,40.0
2020-03-14,United States,2174.0,47.0
2020-03-15,United States,2951.0,57.0
2020-03-16,United States,3774.0,69.0
2020-03-17,United States,4661.0,85.0
2020-03-18,United States,6427.0,108.0
2020-03-19,United States,9415.0,150.0
2020-03-20,United States,14250.0,150.0
2020-03-21,United States,19624.0,260.0
2020-03-22,United States,26747.0,340.0
2020-03-23,United States,35206.0,471.0
2020-03-24,United States,46442.0,590.0
2020-03-25,United States,55231.0,801.0
2020-03-26,United States,69194.0,1050.0
2020-03-27,United States,85991.0,1296.0
2020-03-28,United States,104686.0,1707.0
2020-03-29,United States,124665.0,2191.0
2020-03-30,United States,143025.0,2509.0
2020-03-31,United States,164620.0,3170.0
2020-04-01,United States,189618.0,4079.0
2020-04-02,United States,216721.0,5138.0
2020-04-03,United States,245540.0,6053.0
2020-04-04,United States,277965.0,7157.0
2020-04-05,United States,312237.0,8501.0
2020-04-06,United States,337635.0,9647.0
2020-04-07,United States,368196.0,10989.0
2020-04-08,United States,398809.0,12895.0
2020-04-09,United States,432132.0,14817.0
2020-04-10,United States,466033.0,16690.0
2020-04-11,United States,501560.0,18777.0
2020-04-12,United States,529951.0,20608.0
2020-04-13,United States,557571.0,22108.0
2020-04-14,United States,582594.0,23649.0
2020-04-15,United States,609516.0,26057.0
2020-04-16,United States,639664.0,30985.0
2020-04-17,United States,671331.0,33284.0
2020-04-18,United States,702164.0,37054.0
2020-04-19,United States,735086.0,38910.0
2020-04-20,United States,759687.0,40682.0
2020-04-21,United States,787752.0,42539.0
2020-04-22,United States,825041.0,45063.0
2020-04-23,United States,842629.0,46784.0
2020-04-24,United States,869172.0,49963.0
2020-04-25,United States,890524.0,51017.0
2020-04-26,United States,939053.0,53189.0
2020-04-27,United States,965910.0,54876.0
2020-04-28,United States,988451.0,56245.0
2020-04-29,United States,1012583.0,58355.0
2020-04-30,United States,1039909.0,60966.0
2020-05-01,United States,1069826.0,63006.0
2020-05-02,United States,1103781.0,65068.0
2020-05-03,United States,1133069.0,66385.0
2020-05-04,United States,1158041.0,67682.0
2020-05-05,United States,1180634.0,68934.0
2020-05-06,United States,1204475.0,71078.0
2020-05-07,United States,1228603.0,73431.0
2020-05-08,United States,1256972.0,75670.0
2020-05-09,United States,1283929.0,77180.0
2020-05-10,United States,1309541.0,78794.0
2020-05-11,United States,1329799.0,79528.0
2020-05-12,United States,1347916.0,80684.0
2020-05-13,United States,1369964.0,82387.0
2020-05-14,United States,1390746.0,84133.0
2020-05-15,United States,1417889.0,85906.0
2020-05-16,United States,1443397.0,87568.0
2020-05-17,United States,1467884.0,88754.0
2020-05-18,United States,1486757.0,89562.0
2020-05-19,United States,1508598.0,90353.0
2020-05-20,United States,1528568.0,91921.0
2020-05-21,United States,1551853.0,93439.0
2020-05-22,United States,1577287.0,94702.0
2020-05-23,United States,1601434.0,96007.0
2020-05-24,United States,1622670.0,97087.0
2020-05-25,United States,1643238.0,97720.0
2020-05-26,United States,1662302.0,98220.0
2020-05-27,United States,1681212.0,98916.0
2020-05-28,United States,1699933.0,100442.0
2020-05-29,United States,1721750.0,101617.0
2020-05-30,United States,1747087.0,102836.0
2020-05-31,United States,1770384.0,103781.0
2020-06-01,United States,1790191.0,104383.0
2020-06-02,United States,1811277.0,105147.0
2020-06-03,United States,1831821.0,106181.0
2020-06-04,United States,1851520.0,107175.0
2020-06-05,United States,1872660.0,108211.0
2020-06-06,United States,1897838.0,109143.0
2020-06-07,United States,1920061.0,109802.0
2020-06-08,United States,1942363.0,110514.0
2020-06-09,United States,1961185.0,111007.0
2020-06-10,United States,1979850.0,112006.0
2020-06-11,United States,2000464.0,112924.0
2020-06-12,United States,2023347.0,113820.0
2020-06-13,United States,2048986.0,114669.0
2020-06-14,United States,2074526.0,115436.0
2020-06-15,United States,2094069.0,115732.0
2020-06-16,United States,2114026.0,116127.0
2020-06-17,United States,2137731.0,116963.0
2020-06-18,United States,2163290.0,117717.0
2020-06-19,United States,2191052.0,118434.0
2020-06-20,United States,2220961.0,119112.0
2020-06-21,United States,2255119.0,119719.0
2020-06-22,United States,2280912.0,119975.0
2020-06-23,United States,2312302.0,120402.0
2020-06-24,United States,2347022.0,121228.0
2020-06-25,United States,2381361.0,121979.0
2020-06-26,United States,2422310.0,124416.0
2020-06-27,United States,2467837.0,125039.0
2020-06-28,United States,2510323.0,125539.0
2020-06-29,United States,2548996.0,125804.0
2020-06-30,United States,2590552.0,126140.0
2020-07-01,United States,2634432.0,127410.0
2020-07-02,United States,2686480.0,128062.0
2020-07-03,United States,2739879.0,128740.0
2020-07-04,United States,2794321.0,129434.0
2020-07-05,United States,2839542.0,129676.0
2020-07-06,United States,2888635.0,129947.0
2020-07-07,United States,2938625.0,130306.0
2020-07-08,United States,2996098.0,131480.0
2020-07-09,United States,3055004.0,132309.0
2020-07-10,United States,3118008.0,133291.0
2020-07-11,United States,3184633.0,134097.0
2020-07-12,United States,3247684.0,134814.0
2020-07-13,United States,3304942.0,135205.0
2020-07-14,United States,3363056.0,135605.0
2020-07-15,United States,3431574.0,136466.0
2020-07-16,United States,3499291.0,137419.0
2020-07-17,United States,3576221.0,138358.0
2020-07-18,United States,3647715.0,139266.0
2020-07-19,United States,3711464.0,140119.0
2020-07-20,United States,3773260.0,140534.0
2020-07-21,United States,3830010.0,140906.0
2020-07-22,United States,3902058.0,142066.0
2020-07-23,United States,3970906.0,143190.0
2020-07-24,United States,4034102.0,144242.0
2020-07-25,United States,4112529.0,145546.0
2020-07-26,United States,4178027.0,146460.0
2020-07-27,United States,4234020.0,146935.0
2020-07-28,United States,4290263.0,148011.0
2020-07-29,United States,4351997.0,149256.0
2020-07-30,United States,4426982.0,150713.0
2020-07-31,United States,4495014.0,152070.0
2020-02-01,Spain,1.0,0.0
2020-02-02,Spain,1.0,0.0
2020-02-03,Spain,1.0,0.0
2020-02-04,Spain,1.0,0.0
2020-02-05,Spain,1.0,0.0
2020-02-06,Spain,1.0,0.0
2020-02-07,Spain,1.0,0.0
2020-02-08,Spain,1.0,0.0
2020-02-09,Spain,1.0,0.0
2020-02-10,Spain,2.0,0.0
2020-02-11,Spain,2.0,0.0
2020-02-12,Spain,2.0,0.0
2020-02-13,Spain,2.0,0.0
2020-02-14,Spain,2.0,0.0
2020-02-15,Spain,2.0,0.0
2020-02-16,Spain,2.0,0.0
2020-02-17,Spain,2.0,0.0
2020-02-18,Spain,2.0,0.0
2020-02-19,Spain,2.0,0.0
2020-02-20,Spain,2.0,0.0
2020-02-21,Spain,2.0,0.0
2020-02-22,Spain,2.0,0.0
2020-02-23,Spain,2.0,0.0
2020-02-24,Spain,2.0,0.0
2020-02-25,Spain,3.0,0.0
2020-02-26,Spain,9.0,0.0
2020-02-27,Spain,17.0,0.0
2020-02-28,Spain,35.0,0.0
2020-02-29,Spain,54.0,0.0
2020-03-01,Spain,82.0,0.0
2020-03-02,Spain,136.0,0.0
2020-03-03,Spain,192.0,0.0
2020-03-04,Spain,267.0,0.0
2020-03-05,Spain,348.0,1.0
2020-03-06,Spain,531.0,3.0
2020-03-07,Spain,764.0,5.0
2020-03-08,Spain,1094.0,5.0
2020-03-09,Spain,1527.0,5.0
2020-03-10,Spain,2299.0,28.0
2020-03-11,Spain,3274.0,35.0
2020-03-12,Spain,4427.0,47.0
2020-03-13,Spain,5958.0,84.0
2020-03-14,Spain,7641.0,121.0
2020-03-15,Spain,9785.0,136.0
2020-03-16,Spain,11491.0,288.0
2020-03-17,Spain,13994.0,309.0
2020-03-18,Spain,17688.0,491.0
2020-03-19,Spain,21735.0,598.0
2020-03-20,Spain,26304.0,767.0
2020-03-21,Spain,31750.0,1002.0
2020-03-22,Spain,36616.0,1326.0
2020-03-23,Spain,41262.0,1720.0
2020-03-24,Spain,48953.0,2182.0
2020-03-25,Spain,57506.0,2696.0
2020-03-26,Spain,66460.0,3434.0
2020-03-27,Spain,75641.0,4089.0
2020-03-28,Spain,83885.0,4858.0
2020-03-29,Spain,90309.0,5690.0
2020-03-30,Spain,96122.0,6528.0
2020-03-31,Spain,104267.0,7340.0
2020-04-01,Spain,111680.0,8189.0
2020-04-02,Spain,119263.0,9053.0
2020-04-03,Spain,126535.0,10003.0
2020-04-04,Spain,133198.0,10935.0
2020-04-05,Spain,138731.0,11744.0
2020-04-06,Spain,142398.0,12418.0
2020-04-07,Spain,147607.0,13055.0
2020-04-08,Spain,153190.0,13798.0
2020-04-09,Spain,158935.0,14555.0
2020-04-10,Spain,163472.0,15238.0
2020-04-11,Spain,168022.0,15843.0
2020-04-12,Spain,171921.0,16353.0
2020-04-13,Spain,174951.0,16972.0
2020-04-14,Spain,178067.0,17489.0
2020-04-15,Spain,182491.0,18276.0
2020-04-16,Spain,186311.0,18893.0
2020-04-17,Spain,190129.0,19478.0
2020-04-18,Spain,193965.0,20043.0
2020-04-19,Spain,193252.0,20453.0
2020-04-20,Spain,195470.0,20852.0
2020-04-21,Spain,198421.0,21282.0
2020-04-22,Spain,200733.0,21717.0
2020-04-23,Spain,203649.0,22157.0
2020-04-24,Spain,205763.0,22524.0
2020-04-25,Spain,208269.0,22902.0
2020-04-26,Spain,209910.0,23190.0
2020-04-27,Spain,211570.0,23190.0
2020-04-28,Spain,213095.0,23822.0
2020-04-29,Spain,213942.0,24275.0
2020-04-30,Spain,215183.0,24543.0
2020-05-01,Spain,216570.0,24824.0
2020-05-02,Spain,217804.0,25100.0
2020-05-03,Spain,218739.0,25264.0
2020-05-04,Spain,219205.0,25428.0
2020-05-05,Spain,220244.0,25613.0
2020-05-06,Spain,221124.0,25857.0
2020-05-07,Spain,222045.0,26070.0
2020-05-08,Spain,223218.0,26251.0
2020-05-09,Spain,223961.0,26478.0
2020-05-10,Spain,227377.0,26621.0
2020-05-11,Spain,227770.0,26744.0
2020-05-12,Spain,228252.0,26920.0
2020-05-13,Spain,228691.0,27104.0
2020-05-14,Spain,229540.0,27321.0
2020-05-15,Spain,230183.0,27459.0
2020-05-16,Spain,230698.0,27563.0
2020-05-17,Spain,231350.0,27650.0
2020-05-18,Spain,231606.0,27709.0
2020-05-19,Spain,232037.0,27778.0
2020-05-20,Spain,232555.0,27888.0
2020-05-21,Spain,233037.0,27940.0
2020-05-22,Spain,234824.0,28628.0
2020-05-23,Spain,235290.0,28678.0
2020-05-24,Spain,235772.0,28752.0
2020-05-25,Spain,235400.0,26834.0
2020-05-26,Spain,236259.0,27117.0
2020-05-27,Spain,236769.0,27118.0
2020-05-28,Spain,237906.0,27119.0
2020-05-29,Spain,238564.0,27121.0
2020-05-30,Spain,239228.0,27125.0
2020-05-31,Spain,239429.0,27127.0
2020-06-01,Spain,239638.0,27127.0
2020-06-02,Spain,239932.0,27127.0
2020-06-03,Spain,240326.0,27128.0
2020-06-04,Spain,240660.0,27133.0
2020-06-05,Spain,240978.0,27134.0
2020-06-06,Spain,241310.0,27135.0
2020-06-07,Spain,241550.0,27136.0
2020-06-08,Spain,241717.0,27136.0
2020-06-09,Spain,241966.0,27136.0
2020-06-10,Spain,242280.0,27136.0
2020-06-11,Spain,242707.0,27136.0
2020-06-12,Spain,243209.0,27136.0
2020-06-13,Spain,243605.0,27136.0
2020-06-14,Spain,243928.0,27136.0
2020-06-15,Spain,244109.0,27136.0
2020-06-16,Spain,244328.0,27136.0
2020-06-17,Spain,244683.0,27136.0
2020-06-18,Spain,245268.0,27136.0
2020-06-19,Spain,245575.0,28315.0
2020-06-20,Spain,245938.0,28322.0
2020-06-21,Spain,246272.0,28323.0
2020-06-22,Spain,246504.0,28324.0
2020-06-23,Spain,246752.0,28325.0
2020-06-24,Spain,247086.0,28327.0
2020-06-25,Spain,247486.0,28330.0
2020-06-26,Spain,247905.0,28338.0
2020-06-27,Spain,248469.0,28341.0
2020-06-28,Spain,248770.0,28343.0
2020-06-29,Spain,248970.0,28346.0
2020-06-30,Spain,249271.0,28355.0
2020-07-01,Spain,249659.0,28363.0
2020-07-02,Spain,250103.0,28368.0
2020-07-03,Spain,250545.0,28385.0
2020-07-04,Spain,250545.0,28385.0
2020-07-05,Spain,250545.0,28385.0
2020-07-06,Spain,251789.0,28388.0
2020-07-07,Spain,252130.0,28392.0
2020-07-08,Spain,252513.0,28396.0
2020-07-09,Spain,253056.0,28401.0
2020-07-10,Spain,253908.0,28403.0
2020-07-11,Spain,253908.0,28403.0
2020-07-12,Spain,253908.0,28403.0
2020-07-13,Spain,255953.0,28406.0
2020-07-14,Spain,256619.0,28409.0
2020-07-15,Spain,257494.0,28413.0
2020-07-16,Spain,258855.0,28416.0
2020-07-17,Spain,260255.0,28420.0
2020-07-18,Spain,260255.0,28420.0
2020-07-19,Spain,260255.0,28420.0
2020-07-20,Spain,264836.0,28422.0
2020-07-21,Spain,266194.0,28424.0
2020-07-22,Spain,267551.0,28426.0
2020-07-23,Spain,270166.0,28429.0
2020-07-24,Spain,272421.0,28432.0
2020-07-25,Spain,272421.0,28432.0
2020-07-26,Spain,272421.0,28432.0
2020-07-27,Spain,278782.0,28434.0
2020-07-28,Spain,280610.0,28436.0
2020-07-29,Spain,282641.0,28441.0
2020-07-30,Spain,285430.0,28443.0
2020-01-31,Italy,3.0,0.0
2020-02-01,Italy,3.0,0.0
2020-02-02,Italy,3.0,0.0
2020-02-03,Italy,3.0,0.0
2020-02-04,Italy,3.0,0.0
2020-02-05,Italy,3.0,0.0
2020-02-06,Italy,3.0,0.0
2020-02-07,Italy,3.0,0.0
2020-02-08,Italy,3.0,0.0
2020-02-09,Italy,3.0,0.0
2020-02-10,Italy,3.0,0.0
2020-02-11,Italy,3.0,0.0
2020-02-12,Italy,3.0,0.0
2020-02-13,Italy,3.0,0.0
2020-02-14,Italy,3.0,0.0
2020-02-15,Italy,3.0,0.0
2020-02-16,Italy,3.0,0.0
2020-02-17,Italy,3.0,0.0
2020-02-18,Italy,3.0,0.0
2020-02-19,Italy,3.0,0.0
2020-02-20,Italy,3.0,0.0
2020-02-21,Italy,3.0,0.0
2020-02-22,Italy,17.0,0.0
2020-02-23,Italy,79.0,2.0
2020-02-24,Italy,132.0,2.0
2020-02-25,Italy,229.0,6.0
2020-02-26,Italy,322.0,11.0
2020-02-27,Italy,400.0,12.0
2020-02-28,Italy,650.0,17.0
2020-02-29,Italy,888.0,21.0
2020-03-01,Italy,1128.0,29.0
2020-03-02,Italy,1689.0,35.0
2020-03-03,Italy,2036.0,52.0
2020-03-04,Italy,2502.0,80.0
2020-03-05,Italy,3089.0,107.0
2020-03-06,Italy,3858.0,148.0
2020-03-07,Italy,4636.0,197.0
2020-03-08,Italy,5883.0,233.0
2020-03-09,Italy,7375.0,366.0
2020-03-10,Italy,9172.0,464.0
2020-03-11,Italy,10149.0,631.0
2020-03-12,Italy,12462.0,827.0
2020-03-13,Italy,15113.0,1016.0
2020-03-14,Italy,17660.0,1268.0
2020-03-15,Italy,21157.0,1441.0
2020-03-16,Italy,23980.0,1811.0
2020-03-17,Italy,27980.0,2158.0
2020-03-18,Italy,31506.0,2505.0
2020-03-19,Italy,35713.0,2978.0
2020-03-20,Italy,41035.0,3407.0
2020-03-21,Italy,47021.0,4032.0
2020-03-22,Italy,53578.0,4827.0
2020-03-23,Italy,59138.0,5476.0
2020-03-24,Italy,63927.0,6077.0
2020-03-25,Italy,69176.0,6820.0
2020-03-26,Italy,74386.0,7505.0
2020-03-27,Italy,80539.0,8165.0
2020-03-28,Italy,86498.0,9136.0
2020-03-29,Italy,92472.0,10023.0
2020-03-30,Italy,97689.0,10781.0
2020-03-31,Italy,101739.0,11591.0
2020-04-01,Italy,105792.0,12430.0
2020-04-02,Italy,110574.0,13157.0
2020-04-03,Italy,115242.0,13917.0
2020-04-04,Italy,119827.0,14681.0
2020-04-05,Italy,124632.0,15362.0
2020-04-06,Italy,128948.0,15889.0
2020-04-07,Italy,132547.0,16525.0
2020-04-08,Italy,135586.0,17129.0
2020-04-09,Italy,139422.0,17669.0
2020-04-10,Italy,143626.0,18281.0
2020-04-11,Italy,147577.0,18851.0
2020-04-12,Italy,152271.0,19470.0
2020-04-13,Italy,156363.0,19901.0
2020-04-14,Italy,159516.0,20465.0
2020-04-15,Italy,162488.0,21069.0
2020-04-16,Italy,165155.0,21647.0
2020-04-17,Italy,168941.0,22172.0
2020-04-18,Italy,172434.0,22747.0
2020-04-19,Italy,175925.0,23227.0
2020-04-20,Italy,178972.0,23660.0
2020-04-21,Italy,181228.0,24114.0
2020-04-22,Italy,183957.0,24648.0
2020-04-23,Italy,187327.0,25085.0
2020-04-24,Italy,189973.0,25549.0
2020-04-25,Italy,192994.0,25969.0
2020-04-26,Italy,195351.0,26384.0
2020-04-27,Italy,197675.0,26644.0
2020-04-28,Italy,199414.0,26977.0
2020-04-29,Italy,201505.0,27359.0
2020-04-30,Italy,203591.0,27682.0
2020-05-01,Italy,205463.0,27967.0
2020-05-02,Italy,207428.0,28236.0
2020-05-03,Italy,209328.0,28710.0
2020-05-04,Italy,210717.0,28884.0
2020-05-05,Italy,211938.0,29079.0
2020-05-06,Italy,213013.0,29315.0
2020-05-07,Italy,214457.0,29684.0
2020-05-08,Italy,215858.0,29958.0
2020-05-09,Italy,217185.0,30201.0
2020-05-10,Italy,218268.0,30395.0
2020-05-11,Italy,219070.0,30560.0
2020-05-12,Italy,219814.0,30739.0
2020-05-13,Italy,221216.0,30911.0
2020-05-14,Italy,222104.0,31106.0
2020-05-15,Italy,223096.0,31368.0
2020-05-16,Italy,223885.0,31610.0
2020-05-17,Italy,224760.0,31763.0
2020-05-18,Italy,225435.0,31908.0
2020-05-19,Italy,225886.0,32007.0
2020-05-20,Italy,226699.0,32169.0
2020-05-21,Italy,227364.0,32330.0
2020-05-22,Italy,228006.0,32486.0
2020-05-23,Italy,228658.0,32616.0
2020-05-24,Italy,229327.0,32735.0
2020-05-25,Italy,229858.0,32785.0
2020-05-26,Italy,230158.0,32877.0
2020-05-27,Italy,230555.0,32955.0
2020-05-28,Italy,231139.0,33072.0
2020-05-29,Italy,231732.0,33142.0
2020-05-30,Italy,232248.0,33229.0
2020-05-31,Italy,232664.0,33340.0
2020-06-01,Italy,233019.0,33415.0
2020-06-02,Italy,233197.0,33475.0
2020-06-03,Italy,233515.0,33530.0
2020-06-04,Italy,233836.0,33601.0
2020-06-05,Italy,234013.0,33689.0
2020-06-06,Italy,234531.0,33774.0
2020-06-07,Italy,234801.0,33846.0
2020-06-08,Italy,234998.0,33899.0
2020-06-09,Italy,235278.0,33964.0
2020-06-10,Italy,235561.0,34043.0
2020-06-11,Italy,235763.0,34114.0
2020-06-12,Italy,236142.0,34167.0
2020-06-13,Italy,236305.0,34223.0
2020-06-14,Italy,236651.0,34301.0
2020-06-15,Italy,236989.0,34345.0
2020-06-16,Italy,237290.0,34371.0
2020-06-17,Italy,237500.0,34405.0
2020-06-18,Italy,237828.0,34448.0
2020-06-19,Italy,238159.0,34514.0
2020-06-20,Italy,238011.0,34561.0
2020-06-21,Italy,238275.0,34610.0
2020-06-22,Italy,238499.0,34634.0
2020-06-23,Italy,238720.0,34657.0
2020-06-24,Italy,238833.0,34675.0
2020-06-25,Italy,239410.0,34644.0
2020-06-26,Italy,239706.0,34678.0
2020-06-27,Italy,239961.0,34708.0
2020-06-28,Italy,240136.0,34716.0
2020-06-29,Italy,240310.0,34738.0
2020-06-30,Italy,240436.0,34744.0
2020-07-01,Italy,240578.0,34767.0
2020-07-02,Italy,240760.0,34788.0
2020-07-03,Italy,240961.0,34818.0
2020-07-04,Italy,241184.0,34833.0
2020-07-05,Italy,241419.0,34854.0
2020-07-06,Italy,241611.0,34861.0
2020-07-07,Italy,241819.0,34869.0
2020-07-08,Italy,241956.0,34899.0
2020-07-09,Italy,242149.0,34914.0
2020-07-10,Italy,242363.0,34926.0
2020-07-11,Italy,242639.0,34938.0
2020-07-12,Italy,242827.0,34945.0
2020-07-13,Italy,243061.0,34954.0
2020-07-14,Italy,243230.0,34967.0
2020-07-15,Italy,243344.0,34984.0
2020-07-16,Italy,243506.0,34997.0
2020-07-17,Italy,243736.0,35017.0
2020-07-18,Italy,243967.0,35028.0
2020-07-19,Italy,244216.0,35042.0
2020-07-20,Italy,244434.0,35045.0
2020-07-21,Italy,244624.0,35058.0
2020-07-22,Italy,244752.0,35073.0
2020-07-23,Italy,245032.0,35082.0
2020-07-24,Italy,245338.0,35092.0
2020-07-25,Italy,245590.0,35097.0
2020-07-26,Italy,245864.0,35102.0
2020-07-27,Italy,246118.0,35107.0
2020-07-28,Italy,246286.0,35112.0
2020-07-29,Italy,246488.0,35123.0
2020-07-30,Italy,246776.0,35129.0
2020-07-31,Italy,247158.0,35132.0
2020-02-01,United Kingdom,2.0,0.0
2020-02-02,United Kingdom,2.0,0.0
2020-02-03,United Kingdom,2.0,0.0
2020-02-04,United Kingdom,2.0,0.0
2020-02-05,United Kingdom,3.0,0.0
2020-02-06,United Kingdom,3.0,0.0
2020-02-07,United Kingdom,4.0,0.0
2020-02-08,United Kingdom,4.0,0.0
2020-02-09,United Kingdom,4.0,0.0
2020-02-10,United Kingdom,8.0,0.0
2020-02-11,United Kingdom,9.0,0.0
2020-02-12,United Kingdom,9.0,0.0
2020-02-13,United Kingdom,10.0,0.0
2020-02-14,United Kingdom,10.0,0.0
2020-02-15,United Kingdom,10.0,0.0
2020-02-16,United Kingdom,10.0,0.0
2020-02-17,United Kingdom,10.0,0.0
2020-02-18,United Kingdom,10.0,0.0
2020-02-19,United Kingdom,10.0,0.0
2020-02-20,United Kingdom,10.0,0.0
2020-02-21,United Kingdom,10.0,0.0
2020-02-22,United Kingdom,10.0,0.0
2020-02-23,United Kingdom,11.0,0.0
2020-02-24,United Kingdom,11.0,0.0
2020-02-25,United Kingdom,11.0,0.0
2020-02-26,United Kingdom,13.0,0.0
2020-02-27,United Kingdom,18.0,0.0
2020-02-28,United Kingdom,22.0,0.0
2020-02-29,United Kingdom,30.0,0.0
2020-03-01,United Kingdom,42.0,0.0
2020-03-02,United Kingdom,47.0,0.0
2020-03-03,United Kingdom,69.0,0.0
2020-03-04,United Kingdom,109.0,0.0
2020-03-05,United Kingdom,164.0,0.0
2020-03-06,United Kingdom,220.0,0.0
2020-03-07,United Kingdom,271.0,1.0
2020-03-08,United Kingdom,352.0,2.0
2020-03-09,United Kingdom,412.0,2.0
2020-03-10,United Kingdom,469.0,3.0
2020-03-11,United Kingdom,617.0,7.0
2020-03-12,United Kingdom,876.0,7.0
2020-03-13,United Kingdom,1282.0,9.0
2020-03-14,United Kingdom,1766.0,10.0
2020-03-15,United Kingdom,2244.0,28.0
2020-03-16,United Kingdom,2605.0,43.0
2020-03-17,United Kingdom,3047.0,65.0
2020-03-18,United Kingdom,3658.0,81.0
2020-03-19,United Kingdom,4427.0,115.0
2020-03-20,United Kingdom,5426.0,158.0
2020-03-21,United Kingdom,6481.0,194.0
2020-03-22,United Kingdom,7736.0,250.0
2020-03-23,United Kingdom,8934.0,285.0
2020-03-24,United Kingdom,10312.0,359.0
2020-03-25,United Kingdom,12650.0,508.0
2020-03-26,United Kingdom,15025.0,695.0
2020-03-27,United Kingdom,17717.0,878.0
2020-03-28,United Kingdom,20804.0,1162.0
2020-03-29,United Kingdom,24001.0,1456.0
2020-03-30,United Kingdom,26823.0,1670.0
2020-03-31,United Kingdom,29681.0,2044.0
2020-04-01,United Kingdom,33954.0,2426.0
2020-04-02,United Kingdom,38468.0,3096.0
2020-04-03,United Kingdom,43381.0,3748.0
2020-04-04,United Kingdom,48249.0,4462.0
2020-04-05,United Kingdom,53160.0,5222.0
2020-04-06,United Kingdom,57180.0,5866.0
2020-04-07,United Kingdom,60772.0,6434.0
2020-04-08,United Kingdom,66054.0,7472.0
2020-04-09,United Kingdom,71504.0,8506.0
2020-04-10,United Kingdom,76635.0,9616.0
2020-04-11,United Kingdom,81493.0,10768.0
2020-04-12,United Kingdom,85806.0,11608.0
2020-04-13,United Kingdom,89385.0,12294.0
2020-04-14,United Kingdom,92874.0,13038.0
2020-04-15,United Kingdom,97052.0,14085.0
2020-04-16,United Kingdom,101378.0,14927.0
2020-04-17,United Kingdom,106443.0,15956.0
2020-04-18,United Kingdom,111735.0,16892.0
2020-04-19,United Kingdom,116691.0,18007.0
2020-04-20,United Kingdom,121412.0,18505.0
2020-04-21,United Kingdom,125265.0,19064.0
2020-04-22,United Kingdom,130119.0,20237.0
2020-04-23,United Kingdom,134879.0,21074.0
2020-04-24,United Kingdom,140366.0,21801.0
2020-04-25,United Kingdom,145524.0,22807.0
2020-04-26,United Kingdom,150494.0,23650.0
2020-04-27,United Kingdom,154242.0,24070.0
2020-04-28,United Kingdom,157715.0,24408.0
2020-04-29,United Kingdom,162421.0,25319.0
2020-04-30,United Kingdom,167150.0,26114.0
2020-05-01,United Kingdom,172592.0,26788.0
2020-05-02,United Kingdom,177558.0,27528.0
2020-05-03,United Kingdom,182295.0,28149.0
2020-05-04,United Kingdom,185524.0,28464.0
2020-05-05,United Kingdom,188506.0,28752.0
2020-05-06,United Kingdom,191895.0,29446.0
2020-05-07,United Kingdom,195577.0,30098.0
2020-05-08,United Kingdom,199404.0,30638.0
2020-05-09,United Kingdom,203171.0,31265.0
2020-05-10,United Kingdom,206234.0,31611.0
2020-05-11,United Kingdom,208391.0,31879.0
2020-05-12,United Kingdom,210720.0,32090.0
2020-05-13,United Kingdom,214306.0,32720.0
2020-05-14,United Kingdom,217708.0,33216.0
2020-05-15,United Kingdom,221015.0,33644.0
2020-05-16,United Kingdom,223643.0,34028.0
2020-05-17,United Kingdom,226169.0,34508.0
2020-05-18,United Kingdom,228248.0,34678.0
2020-05-19,United Kingdom,230086.0,34838.0
2020-05-20,United Kingdom,232675.0,35386.0
2020-05-21,United Kingdom,235727.0,35755.0
2020-05-22,United Kingdom,238445.0,36093.0
2020-05-23,United Kingdom,241019.0,36451.0
2020-05-24,United Kingdom,243081.0,36734.0
2020-05-25,United Kingdom,244608.0,37175.0
2020-05-26,United Kingdom,245972.0,37297.0
2020-05-27,United Kingdom,247596.0,37433.0
2020-05-28,United Kingdom,249268.0,37876.0
2020-05-29,United Kingdom,251103.0,38292.0
2020-05-30,United Kingdom,252863.0,38665.0
2020-05-31,United Kingdom,254390.0,38895.0
2020-06-01,United Kingdom,255515.0,39010.0
2020-06-02,United Kingdom,256594.0,39121.0
2020-06-03,United Kingdom,258035.0,39447.0
2020-06-04,United Kingdom,259519.0,39812.0
2020-06-05,United Kingdom,260875.0,39989.0
2020-06-06,United Kingdom,262118.0,40347.0
2020-06-07,United Kingdom,263238.0,40554.0
2020-06-08,United Kingdom,264039.0,40631.0
2020-06-09,United Kingdom,264760.0,40686.0
2020-06-10,United Kingdom,265859.0,40975.0
2020-06-11,United Kingdom,267017.0,41225.0
2020-06-12,United Kingdom,268216.0,41377.0
2020-06-13,United Kingdom,269233.0,41581.0
2020-06-14,United Kingdom,270285.0,41764.0
2020-06-15,United Kingdom,271175.0,41800.0
2020-06-16,United Kingdom,271997.0,41838.0
2020-06-17,United Kingdom,273040.0,42074.0
2020-06-18,United Kingdom,274142.0,42258.0
2020-06-19,United Kingdom,275155.0,42395.0
2020-06-20,United Kingdom,276182.0,42568.0
2020-06-21,United Kingdom,277168.0,42698.0
2020-06-22,United Kingdom,277855.0,42741.0
2020-06-23,United Kingdom,278494.0,42756.0
2020-06-24,United Kingdom,279390.0,42927.0
2020-06-25,United Kingdom,280276.0,43081.0
2020-06-26,United Kingdom,281054.0,43230.0
2020-06-27,United Kingdom,281775.0,43414.0
2020-06-28,United Kingdom,282446.0,43514.0
2020-06-29,United Kingdom,283095.0,43550.0
2020-06-30,United Kingdom,283541.0,43575.0
2020-07-01,United Kingdom,284271.0,43730.0
2020-07-02,United Kingdom,284888.0,43906.0
2020-07-03,United Kingdom,285539.0,43995.0
2020-07-04,United Kingdom,286141.0,44131.0
2020-07-05,United Kingdom,286720.0,44198.0
2020-07-06,United Kingdom,287121.0,44220.0
2020-07-07,United Kingdom,287676.0,44236.0
2020-07-08,United Kingdom,288380.0,44391.0
2020-07-09,United Kingdom,288977.0,44517.0
2020-07-10,United Kingdom,289670.0,44602.0
2020-07-11,United Kingdom,290385.0,44650.0
2020-07-12,United Kingdom,290950.0,44798.0
2020-07-13,United Kingdom,291392.0,44819.0
2020-07-14,United Kingdom,291753.0,44830.0
2020-07-15,United Kingdom,292479.0,44968.0
2020-07-16,United Kingdom,293164.0,45053.0
2020-07-17,United Kingdom,293936.0,45119.0
2020-07-18,United Kingdom,294640.0,45233.0
2020-07-19,United Kingdom,295209.0,45273.0
2020-07-20,United Kingdom,295702.0,45300.0
2020-07-21,United Kingdom,296115.0,45312.0
2020-07-22,United Kingdom,296908.0,45422.0
2020-07-23,United Kingdom,297659.0,45501.0
2020-07-24,United Kingdom,298432.0,45554.0
2020-07-25,United Kingdom,299163.0,45677.0
2020-07-26,United Kingdom,299830.0,45738.0
2020-07-27,United Kingdom,300251.0,45752.0
2020-07-28,United Kingdom,300622.0,45759.0
2020-07-29,United Kingdom,300692.0,45878.0
2020-07-30,United Kingdom,301455.0,45961.0
2020-07-31,United Kingdom,302301.0,45999.0
2020-02-26,Brazil,1.0,0.0
2020-02-27,Brazil,1.0,0.0
2020-02-28,Brazil,1.0,0.0
2020-02-29,Brazil,1.0,0.0
2020-03-01,Brazil,2.0,0.0
2020-03-02,Brazil,2.0,0.0
2020-03-03,Brazil,2.0,0.0
2020-03-04,Brazil,2.0,0.0
2020-03-05,Brazil,3.0,0.0
2020-03-06,Brazil,8.0,0.0
2020-03-07,Brazil,13.0,0.0
2020-03-08,Brazil,13.0,0.0
2020-03-09,Brazil,25.0,0.0
2020-03-10,Brazil,25.0,0.0
2020-03-11,Brazil,34.0,0.0
2020-03-12,Brazil,52.0,0.0
2020-03-13,Brazil,77.0,0.0
2020-03-14,Brazil,98.0,0.0
2020-03-15,Brazil,121.0,0.0
2020-03-16,Brazil,200.0,0.0
2020-03-17,Brazil,234.0,0.0
2020-03-18,Brazil,291.0,1.0
2020-03-19,Brazil,428.0,4.0
2020-03-20,Brazil,621.0,6.0
2020-03-21,Brazil,904.0,11.0
2020-03-22,Brazil,1128.0,18.0
2020-03-23,Brazil,1546.0,25.0
2020-03-24,Brazil,1891.0,34.0
2020-03-25,Brazil,2201.0,46.0
2020-03-26,Brazil,2433.0,57.0
2020-03-27,Brazil,2915.0,77.0
2020-03-28,Brazil,3417.0,92.0
2020-03-29,Brazil,3904.0,114.0
2020-03-30,Brazil,4256.0,136.0
2020-03-31,Brazil,4579.0,159.0
2020-04-01,Brazil,5717.0,201.0
2020-04-02,Brazil,6836.0,241.0
2020-04-03,Brazil,7910.0,299.0
2020-04-04,Brazil,9056.0,359.0
2020-04-05,Brazil,10278.0,432.0
2020-04-06,Brazil,11130.0,486.0
2020-04-07,Brazil,12056.0,553.0
2020-04-08,Brazil,13717.0,667.0
2020-04-09,Brazil,15927.0,800.0
2020-04-10,Brazil,17857.0,941.0
2020-04-11,Brazil,19638.0,1056.0
2020-04-12,Brazil,20727.0,1124.0
2020-04-13,Brazil,22169.0,1223.0
2020-04-14,Brazil,23430.0,1328.0
2020-04-15,Brazil,25262.0,1532.0
2020-04-16,Brazil,28320.0,1736.0
2020-04-17,Brazil,30425.0,1924.0
2020-04-18,Brazil,33682.0,2141.0
2020-04-19,Brazil,36599.0,2347.0
2020-04-20,Brazil,38654.0,2462.0
2020-04-21,Brazil,40581.0,2575.0
2020-04-22,Brazil,43079.0,2741.0
2020-04-23,Brazil,45757.0,2906.0
2020-04-24,Brazil,49492.0,3313.0
2020-04-25,Brazil,52995.0,3670.0
2020-04-26,Brazil,58509.0,4016.0
2020-04-27,Brazil,61888.0,4205.0
2020-04-28,Brazil,66501.0,4543.0
2020-04-29,Brazil,71886.0,5017.0
2020-04-30,Brazil,78162.0,5466.0
2020-05-01,Brazil,85380.0,5901.0
2020-05-02,Brazil,91589.0,6329.0
2020-05-03,Brazil,96559.0,6750.0
2020-05-04,Brazil,101147.0,7025.0
2020-05-05,Brazil,107780.0,7321.0
2020-05-06,Brazil,114715.0,7921.0
2020-05-07,Brazil,125218.0,8536.0
2020-05-08,Brazil,135106.0,9146.0
2020-05-09,Brazil,145328.0,9897.0
2020-05-10,Brazil,155939.0,10627.0
2020-05-11,Brazil,162699.0,11123.0
2020-05-12,Brazil,168331.0,11519.0
2020-05-13,Brazil,177589.0,12400.0
2020-05-14,Brazil,188974.0,13149.0
2020-05-15,Brazil,202918.0,13993.0
2020-05-16,Brazil,218223.0,14817.0
2020-05-17,Brazil,233142.0,15633.0
2020-05-18,Brazil,241080.0,16118.0
2020-05-19,Brazil,254220.0,16792.0
2020-05-20,Brazil,271628.0,17971.0
2020-05-21,Brazil,291579.0,18859.0
2020-05-22,Brazil,310087.0,20047.0
2020-05-23,Brazil,330890.0,21048.0
2020-05-24,Brazil,347398.0,22013.0
2020-05-25,Brazil,363211.0,22666.0
2020-05-26,Brazil,374898.0,23473.0
2020-05-27,Brazil,391222.0,24512.0
2020-05-28,Brazil,411821.0,25598.0
2020-05-29,Brazil,438238.0,26754.0
2020-05-30,Brazil,465166.0,27878.0
2020-05-31,Brazil,498440.0,28834.0
2020-06-01,Brazil,514849.0,29314.0
2020-06-02,Brazil,526447.0,29937.0
2020-06-03,Brazil,555383.0,31199.0
2020-06-04,Brazil,584016.0,32548.0
2020-06-05,Brazil,614932.0,34021.0
2020-06-06,Brazil,645762.0,35026.0
2020-06-07,Brazil,672837.0,35930.0
2020-06-08,Brazil,691758.0,36455.0
2020-06-09,Brazil,707412.0,37134.0
2020-06-10,Brazil,739503.0,38406.0
2020-06-11,Brazil,772416.0,39680.0
2020-06-12,Brazil,802828.0,40919.0
2020-06-13,Brazil,828810.0,41828.0
2020-06-14,Brazil,850514.0,42720.0
2020-06-15,Brazil,867624.0,43332.0
2020-06-16,Brazil,888271.0,43959.0
2020-06-17,Brazil,923189.0,45241.0
2020-06-18,Brazil,955377.0,46510.0
2020-06-19,Brazil,978142.0,47748.0
2020-06-20,Brazil,1032913.0,48954.0
2020-06-21,Brazil,1067579.0,49976.0
2020-06-22,Brazil,1085038.0,50617.0
2020-06-23,Brazil,1106470.0,51271.0
2020-06-24,Brazil,1145906.0,52645.0
2020-06-25,Brazil,1188631.0,53830.0
2020-06-26,Brazil,1228114.0,54971.0
2020-06-27,Brazil,1274974.0,55961.0
2020-06-28,Brazil,1313667.0,57070.0
2020-06-29,Brazil,1344143.0,57622.0
2020-06-30,Brazil,1368195.0,58314.0
2020-07-01,Brazil,1402041.0,59594.0
2020-07-02,Brazil,1448753.0,60632.0
2020-07-03,Brazil,1496858.0,61884.0
2020-07-04,Brazil,1539081.0,63174.0
2020-07-05,Brazil,1577004.0,64265.0
2020-07-06,Brazil,1603055.0,64867.0
2020-07-07,Brazil,1623284.0,65487.0
2020-07-08,Brazil,1668589.0,66741.0
2020-07-09,Brazil,1713160.0,67964.0
2020-07-10,Brazil,1755779.0,69184.0
2020-07-11,Brazil,1800827.0,70398.0
2020-07-12,Brazil,1839850.0,71469.0
2020-07-13,Brazil,1864681.0,72100.0
2020-07-14,Brazil,1884967.0,72833.0
2020-07-15,Brazil,1926824.0,74133.0
2020-07-16,Brazil,1966748.0,75366.0
2020-07-17,Brazil,2012151.0,76688.0
2020-07-18,Brazil,2046328.0,77851.0
2020-07-19,Brazil,2074860.0,78772.0
2020-07-20,Brazil,2098389.0,79488.0
2020-07-21,Brazil,2118646.0,80120.0
2020-07-22,Brazil,2159654.0,81487.0
2020-07-23,Brazil,2227514.0,82771.0
2020-07-24,Brazil,2287475.0,84082.0
2020-07-25,Brazil,2343366.0,85238.0
2020-07-26,Brazil,2394513.0,86449.0
2020-07-27,Brazil,2419091.0,87004.0
2020-07-28,Brazil,2442375.0,87618.0
2020-07-29,Brazil,2483191.0,88539.0
2020-07-30,Brazil,2552265.0,90134.0
2020-07-31,Brazil,2610102.0,91263.0
2020-02-11,Argentina,,
2020-02-12,Argentina,,
2020-02-13,Argentina,,
2020-02-14,Argentina,,
2020-02-15,Argentina,,
2020-02-16,Argentina,,
2020-02-17,Argentina,,
2020-02-18,Argentina,,
2020-02-19,Argentina,,
2020-02-20,Argentina,,
2020-02-21,Argentina,,
2020-02-22,Argentina,,
2020-02-23,Argentina,,
2020-02-24,Argentina,,
2020-02-25,Argentina,,
2020-02-26,Argentina,,
2020-02-27,Argentina,,
2020-02-28,Argentina,,
2020-02-29,Argentina,,
2020-03-01,Argentina,,
2020-03-02,Argentina,,
2020-03-03,Argentina,,
2020-03-04,Argentina,1.0,0.0
2020-03-05,Argentina,,
2020-03-06,Argentina,2.0,0.0
2020-03-07,Argentina,8.0,0.0
2020-03-08,Argentina,9.0,1.0
2020-03-09,Argentina,12.0,1.0
2020-03-10,Argentina,,
2020-03-11,Argentina,19.0,1.0
2020-03-12,Argentina,,
2020-03-13,Argentina,31.0,1.0
2020-03-14,Argentina,34.0,2.0
2020-03-15,Argentina,45.0,2.0
2020-03-16,Argentina,56.0,2.0
2020-03-17,Argentina,65.0,2.0
2020-03-18,Argentina,79.0,2.0
2020-03-19,Argentina,97.0,2.0
2020-03-20,Argentina,128.0,3.0
2020-03-21,Argentina,158.0,3.0
2020-03-22,Argentina,225.0,4.0
2020-03-23,Argentina,266.0,4.0
2020-03-24,Argentina,301.0,4.0
2020-03-25,Argentina,387.0,6.0
2020-03-26,Argentina,502.0,8.0
2020-03-27,Argentina,589.0,12.0
2020-03-28,Argentina,690.0,17.0
2020-03-29,Argentina,745.0,19.0
2020-03-30,Argentina,820.0,20.0
2020-03-31,Argentina,966.0,24.0
2020-04-01,Argentina,966.0,24.0
2020-04-02,Argentina,1133.0,31.0
2020-04-03,Argentina,1133.0,34.0
2020-04-04,Argentina,1265.0,37.0
2020-04-05,Argentina,1451.0,43.0
2020-04-06,Argentina,1554.0,46.0
2020-04-07,Argentina,1628.0,53.0
2020-04-08,Argentina,1715.0,60.0
2020-04-09,Argentina,1795.0,65.0
2020-04-10,Argentina,1894.0,79.0
2020-04-11,Argentina,1975.0,82.0
2020-04-12,Argentina,2137.0,89.0
2020-04-13,Argentina,2203.0,95.0
2020-04-14,Argentina,2272.0,98.0
2020-04-15,Argentina,2432.0,105.0
2020-04-16,Argentina,2432.0,109.0
2020-04-17,Argentina,2560.0,115.0
2020-04-18,Argentina,2658.0,122.0
2020-04-19,Argentina,2828.0,132.0
2020-04-20,Argentina,2930.0,134.0
2020-04-21,Argentina,3020.0,142.0
2020-04-22,Argentina,3132.0,151.0
2020-04-23,Argentina,3276.0,159.0
2020-04-24,Argentina,3423.0,165.0
2020-04-25,Argentina,3423.0,167.0
2020-04-26,Argentina,3767.0,185.0
2020-04-27,Argentina,3767.0,186.0
2020-04-28,Argentina,3990.0,197.0
2020-04-29,Argentina,4114.0,207.0
2020-04-30,Argentina,4272.0,214.0
2020-05-01,Argentina,4415.0,218.0
2020-05-02,Argentina,4519.0,225.0
2020-05-03,Argentina,4668.0,237.0
2020-05-04,Argentina,4770.0,246.0
2020-05-05,Argentina,4874.0,260.0
2020-05-06,Argentina,5007.0,264.0
2020-05-07,Argentina,5195.0,273.0
2020-05-08,Argentina,5358.0,282.0
2020-05-09,Argentina,5598.0,293.0
2020-05-10,Argentina,5763.0,300.0
2020-05-11,Argentina,5776.0,300.0
2020-05-12,Argentina,6021.0,305.0
2020-05-13,Argentina,6550.0,319.0
2020-05-14,Argentina,6866.0,329.0
2020-05-15,Argentina,7121.0,353.0
2020-05-16,Argentina,7466.0,356.0
2020-05-17,Argentina,7792.0,363.0
2020-05-18,Argentina,7792.0,366.0
2020-05-19,Argentina,8358.0,382.0
2020-05-20,Argentina,8796.0,393.0
2020-05-21,Argentina,9270.0,403.0
2020-05-22,Argentina,9918.0,416.0
2020-05-23,Argentina,10636.0,433.0
2020-05-24,Argentina,11340.0,445.0
2020-05-25,Argentina,12063.0,452.0
2020-05-26,Argentina,12615.0,467.0
2020-05-27,Argentina,13215.0,484.0
2020-05-28,Argentina,13920.0,500.0
2020-05-29,Argentina,14689.0,508.0
2020-05-30,Argentina,15406.0,520.0
2020-05-31,Argentina,16201.0,528.0
2020-06-01,Argentina,16838.0,539.0
2020-06-02,Argentina,17402.0,556.0
2020-06-03,Argentina,18306.0,569.0
2020-06-04,Argentina,19255.0,583.0
2020-06-05,Argentina,19255.0,588.0
2020-06-06,Argentina,21024.0,632.0
2020-06-07,Argentina,22007.0,648.0
2020-06-08,Argentina,22781.0,664.0
2020-06-09,Argentina,23607.0,693.0
2020-06-10,Argentina,24748.0,717.0
2020-06-11,Argentina,25987.0,735.0
2020-06-12,Argentina,27360.0,765.0
2020-06-13,Argentina,28751.0,785.0
2020-06-14,Argentina,30282.0,815.0
2020-06-15,Argentina,31564.0,833.0
2020-06-16,Argentina,32772.0,854.0
2020-06-17,Argentina,34146.0,878.0
2020-06-18,Argentina,35539.0,913.0
2020-06-19,Argentina,35539.0,929.0
2020-06-20,Argentina,39557.0,979.0
2020-06-21,Argentina,41191.0,992.0
2020-06-22,Argentina,42772.0,1011.0
2020-06-23,Argentina,44918.0,1043.0
2020-06-24,Argentina,44918.0,1049.0
2020-06-25,Argentina,49838.0,1085.0
2020-06-26,Argentina,52444.0,1124.0
2020-06-27,Argentina,52444.0,1167.0
2020-06-28,Argentina,57731.0,1207.0
2020-06-29,Argentina,57731.0,1217.0
2020-06-30,Argentina,62255.0,1280.0
2020-07-01,Argentina,64517.0,1307.0
2020-07-02,Argentina,67184.0,1351.0
2020-07-03,Argentina,69928.0,1385.0
2020-07-04,Argentina,72773.0,1437.0
2020-07-05,Argentina,72773.0,1453.0
2020-07-06,Argentina,75363.0,1490.0
2020-07-07,Argentina,77802.0,1523.0
2020-07-08,Argentina,80434.0,1602.0
2020-07-09,Argentina,83413.0,1654.0
2020-07-10,Argentina,87017.0,1707.0
2020-07-11,Argentina,90680.0,1749.0
2020-07-12,Argentina,94047.0,1810.0
2020-07-13,Argentina,97496.0,1818.0
2020-07-14,Argentina,100153.0,1903.0
2020-07-15,Argentina,103252.0,1926.0
2020-07-16,Argentina,106897.0,2050.0
2020-07-17,Argentina,111147.0,2112.0
2020-07-18,Argentina,114770.0,2133.0
2020-07-19,Argentina,119288.0,2204.0
2020-07-20,Argentina,122511.0,2246.0
2020-07-21,Argentina,126742.0,2373.0
2020-07-22,Argentina,130761.0,2373.0
2020-07-23,Argentina,136105.0,2506.0
2020-07-24,Argentina,141887.0,2617.0
2020-07-25,Argentina,148014.0,2722.0
2020-07-26,Argentina,153507.0,2847.0
2020-07-27,Argentina,162513.0,2939.0
2020-07-28,Argentina,162513.0,2956.0
2020-07-29,Argentina,167403.0,3082.0
2020-07-30,Argentina,173342.0,3200.0
2020-07-31,Argentina,178983.0,3311.0
2020-03-04,Peru,,
2020-03-05,Peru,,
2020-03-06,Peru,,
2020-03-07,Peru,1.0,0.0
2020-03-08,Peru,,
2020-03-09,Peru,7.0,0.0
2020-03-10,Peru,9.0,0.0
2020-03-11,Peru,11.0,0.0
2020-03-12,Peru,17.0,0.0
2020-03-13,Peru,22.0,0.0
2020-03-14,Peru,38.0,0.0
2020-03-15,Peru,43.0,0.0
2020-03-16,Peru,71.0,0.0
2020-03-17,Peru,86.0,0.0
2020-03-18,Peru,117.0,0.0
2020-03-19,Peru,145.0,0.0
2020-03-20,Peru,234.0,2.0
2020-03-21,Peru,263.0,3.0
2020-03-22,Peru,318.0,5.0
2020-03-23,Peru,363.0,5.0
2020-03-24,Peru,395.0,5.0
2020-03-25,Peru,416.0,7.0
2020-03-26,Peru,558.0,8.0
2020-03-27,Peru,580.0,9.0
2020-03-28,Peru,635.0,11.0
2020-03-29,Peru,671.0,16.0
2020-03-30,Peru,852.0,18.0
2020-03-31,Peru,950.0,24.0
2020-04-01,Peru,1065.0,30.0
2020-04-02,Peru,1323.0,47.0
2020-04-03,Peru,1414.0,55.0
2020-04-04,Peru,1595.0,61.0
2020-04-05,Peru,1746.0,73.0
2020-04-06,Peru,2281.0,83.0
2020-04-07,Peru,2561.0,92.0
2020-04-08,Peru,2954.0,107.0
2020-04-09,Peru,4342.0,121.0
2020-04-10,Peru,5256.0,138.0
2020-04-11,Peru,5897.0,169.0
2020-04-12,Peru,6848.0,181.0
2020-04-13,Peru,7519.0,193.0
2020-04-14,Peru,7519.0,193.0
2020-04-15,Peru,10303.0,230.0
2020-04-16,Peru,11475.0,254.0
2020-04-17,Peru,12491.0,274.0
2020-04-18,Peru,13489.0,300.0
2020-04-19,Peru,14420.0,348.0
2020-04-20,Peru,15628.0,400.0
2020-04-21,Peru,16325.0,445.0
2020-04-22,Peru,17837.0,484.0
2020-04-23,Peru,19250.0,530.0
2020-04-24,Peru,20914.0,572.0
2020-04-25,Peru,21648.0,634.0
2020-04-26,Peru,25331.0,700.0
2020-04-27,Peru,27517.0,728.0
2020-04-28,Peru,28699.0,782.0
2020-04-29,Peru,31190.0,854.0
2020-04-30,Peru,33931.0,943.0
2020-05-01,Peru,36976.0,1051.0
2020-05-02,Peru,40459.0,1124.0
2020-05-03,Peru,42534.0,1200.0
2020-05-04,Peru,45928.0,1286.0
2020-05-05,Peru,47372.0,1344.0
2020-05-06,Peru,51189.0,1444.0
2020-05-07,Peru,54817.0,1533.0
2020-05-08,Peru,58526.0,1627.0
2020-05-09,Peru,61847.0,1714.0
2020-05-10,Peru,65015.0,1814.0
2020-05-11,Peru,67307.0,1889.0
2020-05-12,Peru,68822.0,1961.0
2020-05-13,Peru,72059.0,2057.0
2020-05-14,Peru,76306.0,2169.0
2020-05-15,Peru,80604.0,2267.0
2020-05-16,Peru,84495.0,2393.0
2020-05-17,Peru,88541.0,2523.0
2020-05-18,Peru,92273.0,2648.0
2020-05-19,Peru,94933.0,2789.0
2020-05-20,Peru,99483.0,2914.0
2020-05-21,Peru,104020.0,3024.0
2020-05-22,Peru,108769.0,3148.0
2020-05-23,Peru,111698.0,3244.0
2020-05-24,Peru,115754.0,3373.0
2020-05-25,Peru,119959.0,3456.0
2020-05-26,Peru,123979.0,3629.0
2020-05-27,Peru,129751.0,3788.0
2020-05-28,Peru,135905.0,3983.0
2020-05-29,Peru,141779.0,4099.0
2020-05-30,Peru,148285.0,4230.0
2020-05-31,Peru,155671.0,4371.0
2020-06-01,Peru,164476.0,4506.0
2020-06-02,Peru,170039.0,4634.0
2020-06-03,Peru,170039.0,4634.0
2020-06-04,Peru,178914.0,4894.0
2020-06-05,Peru,183198.0,5031.0
2020-06-06,Peru,187400.0,5162.0
2020-06-07,Peru,191758.0,5301.0
2020-06-08,Peru,196515.0,5465.0
2020-06-09,Peru,199696.0,5571.0
2020-06-10,Peru,203736.0,5738.0
2020-06-11,Peru,208823.0,5903.0
2020-06-12,Peru,214788.0,6109.0
2020-06-13,Peru,220749.0,6308.0
2020-06-14,Peru,225132.0,6498.0
2020-06-15,Peru,229736.0,6688.0
2020-06-16,Peru,232992.0,6860.0
2020-06-17,Peru,237156.0,7056.0
2020-06-18,Peru,240908.0,7257.0
2020-06-19,Peru,244388.0,7461.0
2020-06-20,Peru,247925.0,7660.0
2020-06-21,Peru,251338.0,7861.0
2020-06-22,Peru,254936.0,8045.0
2020-06-23,Peru,254936.0,8045.0
2020-06-24,Peru,260810.0,8404.0
2020-06-25,Peru,264689.0,8586.0
2020-06-26,Peru,268602.0,8761.0
2020-06-27,Peru,272364.0,8939.0
2020-06-28,Peru,275989.0,9135.0
2020-06-29,Peru,279419.0,9317.0
2020-06-30,Peru,282365.0,9504.0
2020-07-01,Peru,285213.0,9677.0
2020-07-02,Peru,288477.0,9860.0
2020-07-03,Peru,292004.0,10045.0
2020-07-04,Peru,295599.0,10226.0
2020-07-05,Peru,299080.0,10412.0
2020-07-06,Peru,302718.0,10589.0
2020-07-07,Peru,305703.0,10772.0
2020-07-08,Peru,309278.0,10952.0
2020-07-09,Peru,312911.0,11133.0
2020-07-10,Peru,316448.0,11314.0
2020-07-11,Peru,319646.0,11500.0
2020-07-12,Peru,322710.0,11682.0
2020-07-13,Peru,326326.0,11870.0
2020-07-14,Peru,330123.0,12054.0
2020-07-15,Peru,333867.0,12229.0
2020-07-16,Peru,337724.0,12417.0
2020-07-17,Peru,341586.0,12615.0
2020-07-18,Peru,345537.0,12799.0
2020-07-19,Peru,349500.0,12998.0
2020-07-20,Peru,353590.0,13187.0
2020-07-21,Peru,357681.0,13384.0
2020-07-22,Peru,362087.0,13579.0
2020-07-23,Peru,366550.0,13767.0
2020-07-24,Peru,371096.0,17654.0
2020-07-25,Peru,375961.0,17843.0
2020-07-26,Peru,379884.0,18030.0
2020-07-27,Peru,384797.0,18229.0
2020-07-28,Peru,389717.0,18418.0
2020-07-29,Peru,395005.0,18612.0
2020-07-30,Peru,400683.0,18816.0
2020-07-31,Peru,407492.0,19021.0
2020-03-01,Ecuador,1.0,0.0
2020-03-02,Ecuador,6.0,0.0
2020-03-03,Ecuador,7.0,0.0
2020-03-05,Ecuador,10.0,0.0
2020-03-06,Ecuador,13.0,0.0
2020-03-09,Ecuador,14.0,0.0
2020-03-10,Ecuador,15.0,0.0
2020-03-11,Ecuador,17.0,0.0
2020-03-14,Ecuador,23.0,1.0
2020-03-15,Ecuador,28.0,2.0
2020-03-16,Ecuador,37.0,2.0
2020-03-17,Ecuador,58.0,2.0
2020-03-18,Ecuador,111.0,2.0
2020-03-19,Ecuador,168.0,3.0
2020-03-20,Ecuador,199.0,3.0
2020-03-21,Ecuador,426.0,7.0
2020-03-22,Ecuador,532.0,7.0
2020-03-23,Ecuador,789.0,14.0
2020-03-24,Ecuador,981.0,18.0
2020-03-25,Ecuador,1082.0,27.0
2020-03-26,Ecuador,1211.0,29.0
2020-03-27,Ecuador,1403.0,34.0
2020-03-28,Ecuador,1627.0,41.0
2020-03-29,Ecuador,1835.0,48.0
2020-03-30,Ecuador,1890.0,58.0
2020-03-31,Ecuador,1966.0,62.0
2020-04-01,Ecuador,2302.0,79.0
2020-04-02,Ecuador,2758.0,120.0
2020-04-03,Ecuador,3163.0,120.0
2020-04-04,Ecuador,3368.0,145.0
2020-04-05,Ecuador,3465.0,172.0
2020-04-06,Ecuador,3646.0,180.0
2020-04-07,Ecuador,3747.0,191.0
2020-04-08,Ecuador,3995.0,220.0
2020-04-09,Ecuador,4450.0,242.0
2020-04-10,Ecuador,4965.0,272.0
2020-04-11,Ecuador,7161.0,297.0
2020-04-12,Ecuador,7257.0,315.0
2020-04-13,Ecuador,7466.0,333.0
2020-04-14,Ecuador,7529.0,355.0
2020-04-15,Ecuador,7603.0,355.0
2020-04-16,Ecuador,7858.0,388.0
2020-04-17,Ecuador,8225.0,403.0
2020-04-18,Ecuador,8450.0,421.0
2020-04-19,Ecuador,9022.0,456.0
2020-04-20,Ecuador,9468.0,474.0
2020-04-21,Ecuador,10128.0,507.0
2020-04-22,Ecuador,10398.0,520.0
2020-04-23,Ecuador,10850.0,537.0
2020-04-24,Ecuador,11183.0,560.0
2020-04-25,Ecuador,11183.0,576.0
2020-04-26,Ecuador,11183.0,576.0
2020-04-27,Ecuador,22719.0,576.0
2020-04-28,Ecuador,23240.0,663.0
2020-04-29,Ecuador,24258.0,871.0
2020-04-30,Ecuador,24675.0,883.0
2020-05-01,Ecuador,24934.0,900.0
2020-05-02,Ecuador,26336.0,1063.0
2020-05-03,Ecuador,27464.0,1371.0
2020-05-04,Ecuador,29538.0,1564.0
2020-05-05,Ecuador,31881.0,1569.0
2020-05-06,Ecuador,31881.0,1569.0
2020-05-07,Ecuador,29420.0,1618.0
2020-05-08,Ecuador,30298.0,1654.0
2020-05-09,Ecuador,28818.0,1704.0
2020-05-10,Ecuador,29071.0,1717.0
2020-05-11,Ecuador,29559.0,2127.0
2020-05-12,Ecuador,29509.0,2145.0
2020-05-13,Ecuador,30419.0,2327.0
2020-05-14,Ecuador,30486.0,2334.0
2020-05-15,Ecuador,30502.0,2338.0
2020-05-16,Ecuador,31467.0,2594.0
2020-05-17,Ecuador,32763.0,2688.0
2020-05-18,Ecuador,33182.0,2736.0
2020-05-19,Ecuador,33582.0,2799.0
2020-05-20,Ecuador,34151.0,2839.0
2020-05-21,Ecuador,34854.0,2888.0
2020-05-22,Ecuador,35306.0,2939.0
2020-05-23,Ecuador,35828.0,3056.0
2020-05-24,Ecuador,36258.0,3096.0
2020-05-25,Ecuador,36756.0,3108.0
2020-05-26,Ecuador,37355.0,3203.0
2020-05-27,Ecuador,37355.0,3203.0
2020-05-28,Ecuador,38103.0,3275.0
2020-05-29,Ecuador,38471.0,3313.0
2020-05-30,Ecuador,38571.0,3334.0
2020-05-31,Ecuador,38571.0,3334.0
2020-06-01,Ecuador,39098.0,3358.0
2020-06-02,Ecuador,39994.0,3394.0
2020-06-03,Ecuador,40414.0,3438.0
2020-06-04,Ecuador,40966.0,3486.0
2020-06-05,Ecuador,40966.0,3486.0
2020-06-06,Ecuador,41575.0,3534.0
2020-06-07,Ecuador,42728.0,3608.0
2020-06-08,Ecuador,43120.0,3621.0
2020-06-09,Ecuador,43378.0,3642.0
2020-06-10,Ecuador,43917.0,3690.0
2020-06-11,Ecuador,44440.0,3720.0
2020-06-12,Ecuador,44440.0,3720.0
2020-06-13,Ecuador,45778.0,3828.0
2020-06-14,Ecuador,46356.0,3874.0
2020-06-15,Ecuador,46751.0,3896.0
2020-06-16,Ecuador,47322.0,3929.0
2020-06-17,Ecuador,47943.0,3970.0
2020-06-18,Ecuador,48490.0,4007.0
2020-06-19,Ecuador,49097.0,4087.0
2020-06-20,Ecuador,49731.0,4156.0
2020-06-21,Ecuador,50183.0,4199.0
2020-06-22,Ecuador,50640.0,4223.0
2020-06-23,Ecuador,50640.0,4223.0
2020-06-24,Ecuador,51643.0,4274.0
2020-06-25,Ecuador,52334.0,4309.0
2020-06-26,Ecuador,53156.0,4343.0
2020-06-27,Ecuador,53856.0,4406.0
2020-06-28,Ecuador,54574.0,4424.0
2020-06-29,Ecuador,55255.0,4429.0
2020-06-30,Ecuador,55665.0,4502.0
2020-07-01,Ecuador,56432.0,4527.0
2020-07-02,Ecuador,58257.0,4576.0
2020-07-03,Ecuador,59468.0,4639.0
2020-07-04,Ecuador,60657.0,4700.0
2020-07-05,Ecuador,61535.0,4769.0
2020-07-06,Ecuador,61958.0,4781.0
2020-07-07,Ecuador,62380.0,4821.0
2020-07-08,Ecuador,63245.0,4873.0
2020-07-09,Ecuador,64221.0,4900.0
2020-07-10,Ecuador,65018.0,4939.0
2020-07-11,Ecuador,65801.0,4983.0
2020-07-12,Ecuador,67209.0,5031.0
2020-07-13,Ecuador,67870.0,5047.0
2020-07-14,Ecuador,68459.0,5063.0
2020-07-15,Ecuador,69570.0,5130.0
2020-07-16,Ecuador,70329.0,5158.0
2020-07-17,Ecuador,71365.0,5207.0
2020-07-18,Ecuador,72444.0,5250.0
2020-07-19,Ecuador,73382.0,5282.0
2020-07-20,Ecuador,74013.0,5313.0
2020-07-21,Ecuador,74620.0,5318.0
2020-07-22,Ecuador,76217.0,5366.0
2020-07-23,Ecuador,77257.0,5418.0
2020-07-24,Ecuador,78148.0,5439.0
2020-07-25,Ecuador,79049.0,5468.0
2020-07-26,Ecuador,80036.0,5507.0
2020-07-27,Ecuador,80694.0,5515.0
2020-07-28,Ecuador,81161.0,5532.0
2020-07-29,Ecuador,82279.0,5584.0
2020-07-30,Ecuador,83193.0,5623.0
2020-07-31,Ecuador,84370.0,5657.0
2020-01-20,South Korea,1.0,0.0
2020-01-21,South Korea,1.0,0.0
2020-01-22,South Korea,1.0,0.0
2020-01-23,South Korea,1.0,0.0
2020-01-24,South Korea,2.0,0.0
2020-01-25,South Korea,2.0,0.0
2020-01-26,South Korea,3.0,0.0
2020-01-27,South Korea,4.0,0.0
2020-01-28,South Korea,4.0,0.0
2020-01-29,South Korea,4.0,0.0
2020-01-30,South Korea,4.0,0.0
2020-01-31,South Korea,7.0,0.0
2020-02-01,South Korea,12.0,0.0
2020-02-02,South Korea,15.0,0.0
2020-02-03,South Korea,15.0,0.0
2020-02-04,South Korea,16.0,0.0
2020-02-05,South Korea,18.0,0.0
2020-02-06,South Korea,23.0,0.0
2020-02-07,South Korea,24.0,0.0
2020-02-08,South Korea,24.0,0.0
2020-02-09,South Korea,25.0,0.0
2020-02-10,South Korea,27.0,0.0
2020-02-11,South Korea,28.0,0.0
2020-02-12,South Korea,28.0,0.0
2020-02-13,South Korea,28.0,0.0
2020-02-14,South Korea,28.0,0.0
2020-02-15,South Korea,28.0,0.0
2020-02-16,South Korea,29.0,0.0
2020-02-17,South Korea,30.0,0.0
2020-02-18,South Korea,31.0,0.0
2020-02-19,South Korea,46.0,0.0
2020-02-20,South Korea,80.0,0.0
2020-02-21,South Korea,155.0,1.0
2020-02-22,South Korea,345.0,2.0
2020-02-23,South Korea,601.0,5.0
2020-02-24,South Korea,762.0,7.0
2020-02-25,South Korea,892.0,8.0
2020-02-26,South Korea,1146.0,11.0
2020-02-27,South Korea,1595.0,12.0
2020-02-28,South Korea,2022.0,13.0
2020-02-29,South Korea,2931.0,16.0
2020-03-01,South Korea,3526.0,17.0
2020-03-02,South Korea,4212.0,22.0
2020-03-03,South Korea,4812.0,28.0
2020-03-04,South Korea,5328.0,32.0
2020-03-05,South Korea,5766.0,35.0
2020-03-06,South Korea,6284.0,42.0
2020-03-07,South Korea,6767.0,44.0
2020-03-08,South Korea,7134.0,50.0
2020-03-09,South Korea,7382.0,51.0
2020-03-10,South Korea,7513.0,54.0
2020-03-11,South Korea,7755.0,60.0
2020-03-12,South Korea,7869.0,66.0
2020-03-13,South Korea,7979.0,67.0
2020-03-14,South Korea,8086.0,72.0
2020-03-15,South Korea,8162.0,75.0
2020-03-16,South Korea,8236.0,75.0
2020-03-17,South Korea,8320.0,81.0
2020-03-18,South Korea,8413.0,86.0
2020-03-19,South Korea,8565.0,91.0
2020-03-20,South Korea,8652.0,100.0
2020-03-21,South Korea,8799.0,103.0
2020-03-22,South Korea,8897.0,104.0
2020-03-23,South Korea,8961.0,113.0
2020-03-24,South Korea,9037.0,120.0
2020-03-25,South Korea,9137.0,126.0
2020-03-26,South Korea,9241.0,131.0
2020-03-27,South Korea,9332.0,139.0
2020-03-28,South Korea,9478.0,144.0
2020-03-29,South Korea,9583.0,152.0
2020-03-30,South Korea,9661.0,158.0
2020-03-31,South Korea,9786.0,163.0
2020-04-01,South Korea,9786.0,163.0
2020-04-02,South Korea,9976.0,169.0
2020-04-03,South Korea,10062.0,174.0
2020-04-04,South Korea,10156.0,177.0
2020-04-05,South Korea,10237.0,183.0
2020-04-06,South Korea,10284.0,186.0
2020-04-07,South Korea,10331.0,192.0
2020-04-08,South Korea,10384.0,200.0
2020-04-09,South Korea,10423.0,204.0
2020-04-10,South Korea,10450.0,208.0
2020-04-11,South Korea,10450.0,208.0
2020-04-12,South Korea,10512.0,214.0
2020-04-13,South Korea,10537.0,217.0
2020-04-14,South Korea,10564.0,222.0
2020-04-15,South Korea,10591.0,225.0
2020-04-16,South Korea,10613.0,229.0
2020-04-17,South Korea,10635.0,230.0
2020-04-18,South Korea,10653.0,232.0
2020-04-19,South Korea,10661.0,234.0
2020-04-20,South Korea,10674.0,236.0
2020-04-21,South Korea,10683.0,237.0
2020-04-22,South Korea,10694.0,238.0
2020-04-23,South Korea,10702.0,240.0
2020-04-24,South Korea,10708.0,240.0
2020-04-25,South Korea,10718.0,240.0
2020-04-26,South Korea,10728.0,242.0
2020-04-27,South Korea,10738.0,243.0
2020-04-28,South Korea,10752.0,244.0
2020-04-29,South Korea,10761.0,246.0
2020-04-30,South Korea,10765.0,247.0
2020-05-01,South Korea,10774.0,248.0
2020-05-02,South Korea,10780.0,250.0
2020-05-03,South Korea,10793.0,250.0
2020-05-04,South Korea,10801.0,252.0
2020-05-05,South Korea,10804.0,254.0
2020-05-06,South Korea,10806.0,255.0
2020-05-07,South Korea,10810.0,256.0
2020-05-08,South Korea,10822.0,256.0
2020-05-09,South Korea,10840.0,256.0
2020-05-10,South Korea,10874.0,256.0
2020-05-11,South Korea,10909.0,256.0
2020-05-12,South Korea,10936.0,258.0
2020-05-13,South Korea,10962.0,259.0
2020-05-14,South Korea,10991.0,260.0
2020-05-15,South Korea,11018.0,260.0
2020-05-16,South Korea,11037.0,262.0
2020-05-17,South Korea,11050.0,262.0
2020-05-18,South Korea,11065.0,263.0
2020-05-19,South Korea,11078.0,263.0
2020-05-20,South Korea,11110.0,263.0
2020-05-21,South Korea,11122.0,264.0
2020-05-22,South Korea,11142.0,264.0
2020-05-23,South Korea,11165.0,266.0
2020-05-24,South Korea,11190.0,266.0
2020-05-25,South Korea,11206.0,267.0
2020-05-26,South Korea,11225.0,269.0
2020-05-27,South Korea,11265.0,269.0
2020-05-28,South Korea,11344.0,269.0
2020-05-29,South Korea,11402.0,269.0
2020-05-30,South Korea,11441.0,269.0
2020-05-31,South Korea,11468.0,270.0
2020-06-01,South Korea,11503.0,271.0
2020-06-02,South Korea,11541.0,272.0
2020-06-03,South Korea,11590.0,273.0
2020-06-04,South Korea,11629.0,273.0
2020-06-05,South Korea,11668.0,273.0
2020-06-06,South Korea,11719.0,273.0
2020-06-07,South Korea,11776.0,273.0
2020-06-08,South Korea,11814.0,273.0
2020-06-09,South Korea,11852.0,274.0
2020-06-10,South Korea,11902.0,276.0
2020-06-11,South Korea,11947.0,276.0
2020-06-12,South Korea,12003.0,277.0
2020-06-13,South Korea,12051.0,277.0
2020-06-14,South Korea,12084.0,277.0
2020-06-15,South Korea,12121.0,277.0
2020-06-16,South Korea,12155.0,278.0
2020-06-17,South Korea,12198.0,279.0
2020-06-18,South Korea,12257.0,280.0
2020-06-19,South Korea,12306.0,280.0
2020-06-20,South Korea,12373.0,280.0
2020-06-21,South Korea,12421.0,280.0
2020-06-22,South Korea,12438.0,280.0
2020-06-23,South Korea,12484.0,281.0
2020-06-24,South Korea,12535.0,281.0
2020-06-25,South Korea,12563.0,282.0
2020-06-26,South Korea,12602.0,282.0
2020-06-27,South Korea,12653.0,282.0
2020-06-28,South Korea,12715.0,282.0
2020-06-29,South Korea,12757.0,282.0
2020-06-30,South Korea,12800.0,282.0
2020-07-01,South Korea,12850.0,282.0
2020-07-02,South Korea,12904.0,282.0
2020-07-03,South Korea,12967.0,282.0
2020-07-04,South Korea,13030.0,283.0
2020-07-05,South Korea,13091.0,283.0
2020-07-06,South Korea,13091.0,283.0
2020-07-07,South Korea,13181.0,285.0
2020-07-08,South Korea,13244.0,285.0
2020-07-09,South Korea,13293.0,287.0
2020-07-10,South Korea,13338.0,288.0
2020-07-11,South Korea,13373.0,288.0
2020-07-12,South Korea,13417.0,289.0
2020-07-13,South Korea,13479.0,289.0
2020-07-14,South Korea,13512.0,289.0
2020-07-15,South Korea,13551.0,289.0
2020-07-16,South Korea,13612.0,291.0
2020-07-17,South Korea,13672.0,293.0
2020-07-18,South Korea,13711.0,294.0
2020-07-19,South Korea,13745.0,295.0
2020-07-20,South Korea,13771.0,296.0
2020-07-21,South Korea,13816.0,296.0
2020-07-22,South Korea,13879.0,297.0
2020-07-23,South Korea,13938.0,297.0
2020-07-24,South Korea,13979.0,298.0
2020-07-25,South Korea,14092.0,298.0
2020-07-26,South Korea,14150.0,298.0
2020-07-27,South Korea,14175.0,299.0
2020-07-28,South Korea,14203.0,300.0
2020-07-29,South Korea,14251.0,300.0
2020-07-30,South Korea,14269.0,300.0
2020-07-31,South Korea,14305.0,301.0
2020-01-28,Germany,1.0,0.0
2020-01-29,Germany,4.0,0.0
2020-01-30,Germany,4.0,0.0
2020-01-31,Germany,5.0,0.0
2020-02-01,Germany,7.0,0.0
2020-02-02,Germany,8.0,0.0
2020-02-03,Germany,9.0,0.0
2020-02-04,Germany,11.0,0.0
2020-02-05,Germany,11.0,0.0
2020-02-06,Germany,11.0,0.0
2020-02-07,Germany,12.0,0.0
2020-02-08,Germany,13.0,0.0
2020-02-09,Germany,13.0,0.0
2020-02-10,Germany,13.0,0.0
2020-02-11,Germany,13.0,0.0
2020-02-12,Germany,15.0,0.0
2020-02-13,Germany,15.0,0.0
2020-02-14,Germany,15.0,0.0
2020-02-15,Germany,15.0,0.0
2020-02-16,Germany,15.0,0.0
2020-02-17,Germany,15.0,0.0
2020-02-18,Germany,15.0,0.0
2020-02-19,Germany,15.0,0.0
2020-02-20,Germany,15.0,0.0
2020-02-21,Germany,15.0,0.0
2020-02-22,Germany,15.0,0.0
2020-02-23,Germany,15.0,0.0
2020-02-24,Germany,15.0,0.0
2020-02-25,Germany,15.0,0.0
2020-02-26,Germany,17.0,0.0
2020-02-27,Germany,21.0,0.0
2020-02-28,Germany,47.0,0.0
2020-02-29,Germany,57.0,0.0
2020-03-01,Germany,111.0,0.0
2020-03-02,Germany,129.0,0.0
2020-03-03,Germany,157.0,0.0
2020-03-04,Germany,196.0,0.0
2020-03-05,Germany,262.0,0.0
2020-03-06,Germany,400.0,0.0
2020-03-07,Germany,684.0,0.0
2020-03-08,Germany,847.0,0.0
2020-03-09,Germany,902.0,0.0
2020-03-10,Germany,1139.0,2.0
2020-03-11,Germany,1296.0,2.0
2020-03-12,Germany,1567.0,3.0
2020-03-13,Germany,2369.0,5.0
2020-03-14,Germany,3062.0,5.0
2020-03-15,Germany,3795.0,8.0
2020-03-16,Germany,4838.0,12.0
2020-03-17,Germany,6012.0,13.0
2020-03-18,Germany,7156.0,13.0
2020-03-19,Germany,8198.0,13.0
2020-03-20,Germany,14138.0,43.0
2020-03-21,Germany,18187.0,45.0
2020-03-22,Germany,21463.0,67.0
2020-03-23,Germany,24774.0,94.0
2020-03-24,Germany,29212.0,126.0
2020-03-25,Germany,31554.0,149.0
2020-03-26,Germany,36508.0,198.0
2020-03-27,Germany,42288.0,253.0
2020-03-28,Germany,48582.0,325.0
2020-03-29,Germany,52547.0,389.0
2020-03-30,Germany,57298.0,455.0
2020-03-31,Germany,61913.0,583.0
2020-04-01,Germany,67366.0,732.0
2020-04-02,Germany,73522.0,872.0
2020-04-03,Germany,79696.0,1017.0
2020-04-04,Germany,85778.0,1158.0
2020-04-05,Germany,91714.0,1342.0
2020-04-06,Germany,95391.0,1434.0
2020-04-07,Germany,99225.0,1607.0
2020-04-08,Germany,103228.0,1861.0
2020-04-09,Germany,108202.0,2107.0
2020-04-10,Germany,113525.0,2373.0
2020-04-11,Germany,117658.0,2544.0
2020-04-12,Germany,120479.0,2673.0
2020-04-13,Germany,123016.0,2799.0
2020-04-14,Germany,125098.0,2969.0
2020-04-15,Germany,127584.0,3254.0
2020-04-16,Germany,130450.0,3569.0
2020-04-17,Germany,133830.0,3868.0
2020-04-18,Germany,137439.0,4110.0
2020-04-19,Germany,139897.0,4294.0
2020-04-20,Germany,141672.0,4404.0
2020-04-21,Germany,143457.0,4598.0
2020-04-22,Germany,145694.0,4879.0
2020-04-23,Germany,148046.0,5094.0
2020-04-24,Germany,150383.0,5321.0
2020-04-25,Germany,152438.0,5500.0
2020-04-26,Germany,154175.0,5640.0
2020-04-27,Germany,155193.0,5750.0
2020-04-28,Germany,156337.0,5913.0
2020-04-29,Germany,157641.0,6115.0
2020-04-30,Germany,159119.0,6288.0
2020-05-01,Germany,159119.0,6288.0
2020-05-02,Germany,161703.0,6575.0
2020-05-03,Germany,162496.0,6649.0
2020-05-04,Germany,163175.0,6692.0
2020-05-05,Germany,163860.0,6831.0
2020-05-06,Germany,164897.0,6996.0
2020-05-07,Germany,166091.0,7119.0
2020-05-08,Germany,167300.0,7266.0
2020-05-09,Germany,168551.0,7369.0
2020-05-10,Germany,169218.0,7395.0
2020-05-11,Germany,169575.0,7417.0
2020-05-12,Germany,170508.0,7533.0
2020-05-13,Germany,171306.0,7634.0
2020-05-14,Germany,172239.0,7723.0
2020-05-15,Germany,173152.0,7824.0
2020-05-16,Germany,173772.0,7881.0
2020-05-17,Germany,174355.0,7914.0
2020-05-18,Germany,174697.0,7935.0
2020-05-19,Germany,175210.0,8007.0
2020-05-20,Germany,176007.0,8090.0
2020-05-21,Germany,176752.0,8147.0
2020-05-22,Germany,177212.0,8174.0
2020-05-23,Germany,177850.0,8216.0
2020-05-24,Germany,178281.0,8247.0
2020-05-25,Germany,178570.0,8257.0
2020-05-26,Germany,179002.0,8302.0
2020-05-27,Germany,179364.0,8349.0
2020-05-28,Germany,179717.0,8411.0
2020-05-29,Germany,180458.0,8450.0
2020-05-30,Germany,181196.0,8489.0
2020-05-31,Germany,181482.0,8500.0
2020-06-01,Germany,181815.0,8511.0
2020-06-02,Germany,182028.0,8522.0
2020-06-03,Germany,182370.0,8551.0
2020-06-04,Germany,182764.0,8581.0
2020-06-05,Germany,183271.0,8613.0
2020-06-06,Germany,183678.0,8646.0
2020-06-07,Germany,183979.0,8668.0
2020-06-08,Germany,184193.0,8674.0
2020-06-09,Germany,184543.0,8711.0
2020-06-10,Germany,184861.0,8729.0
2020-06-11,Germany,185416.0,8755.0
2020-06-12,Germany,185674.0,8763.0
2020-06-13,Germany,186022.0,8781.0
2020-06-14,Germany,186269.0,8787.0
2020-06-15,Germany,186461.0,8791.0
2020-06-16,Germany,186839.0,8800.0
2020-06-17,Germany,187184.0,8830.0
2020-06-18,Germany,187764.0,8856.0
2020-06-19,Germany,188534.0,8872.0
2020-06-20,Germany,189135.0,8882.0
2020-06-21,Germany,189822.0,8882.0
2020-06-22,Germany,190359.0,8885.0
2020-06-23,Germany,190862.0,8895.0
2020-06-24,Germany,191449.0,8914.0
2020-06-25,Germany,192079.0,8927.0
2020-06-26,Germany,192556.0,8948.0
2020-06-27,Germany,193243.0,8954.0
2020-06-28,Germany,193499.0,8957.0
2020-06-29,Germany,193761.0,8961.0
2020-06-30,Germany,194259.0,8973.0
2020-07-01,Germany,194725.0,8985.0
2020-07-02,Germany,195228.0,8994.0
2020-07-03,Germany,195674.0,9003.0
2020-07-04,Germany,196096.0,9010.0
2020-07-05,Germany,196335.0,9012.0
2020-07-06,Germany,196554.0,9016.0
2020-07-07,Germany,196944.0,9024.0
2020-07-08,Germany,197341.0,9036.0
2020-07-09,Germany,197783.0,9048.0
2020-07-10,Germany,198178.0,9054.0
2020-07-11,Germany,198556.0,9060.0
2020-07-12,Germany,198804.0,9063.0
2020-07-13,Germany,198963.0,9064.0
2020-07-14,Germany,198963.0,9064.0
2020-07-15,Germany,199726.0,9071.0
2020-07-16,Germany,200260.0,9078.0
2020-07-17,Germany,200843.0,9082.0
2020-07-18,Germany,201372.0,9083.0
2020-07-19,Germany,201574.0,9084.0
2020-07-20,Germany,201823.0,9086.0
2020-07-21,Germany,202345.0,9090.0
2020-07-22,Germany,202799.0,9095.0
2020-07-23,Germany,203368.0,9101.0
2020-07-24,Germany,204183.0,9111.0
2020-07-25,Germany,204964.0,9118.0
2020-07-26,Germany,205269.0,9118.0
2020-07-27,Germany,205609.0,9118.0
2020-07-28,Germany,206242.0,9122.0
2020-07-29,Germany,206926.0,9128.0
2020-07-30,Germany,206926.0,9128.0
2020-07-31,Germany,207828.0,9134.0
2020-02-28,New Zealand,1.0,0.0
2020-02-29,New Zealand,1.0,0.0
2020-03-01,New Zealand,1.0,0.0
2020-03-02,New Zealand,1.0,0.0
2020-03-04,New Zealand,2.0,0.0
2020-03-05,New Zealand,3.0,0.0
2020-03-06,New Zealand,4.0,0.0
2020-03-07,New Zealand,5.0,0.0
2020-03-09,New Zealand,,
2020-03-10,New Zealand,,
2020-03-11,New Zealand,,
2020-03-12,New Zealand,,
2020-03-13,New Zealand,,
2020-03-14,New Zealand,6.0,0.0
2020-03-15,New Zealand,8.0,0.0
2020-03-16,New Zealand,,
2020-03-17,New Zealand,,
2020-03-18,New Zealand,20.0,0.0
2020-03-19,New Zealand,28.0,0.0
2020-03-20,New Zealand,39.0,0.0
2020-03-21,New Zealand,53.0,0.0
2020-03-22,New Zealand,66.0,0.0
2020-03-23,New Zealand,102.0,0.0
2020-03-24,New Zealand,142.0,0.0
2020-03-25,New Zealand,189.0,0.0
2020-03-26,New Zealand,262.0,0.0
2020-03-27,New Zealand,338.0,0.0
2020-03-28,New Zealand,416.0,0.0
2020-03-29,New Zealand,476.0,1.0
2020-03-30,New Zealand,552.0,1.0
2020-03-31,New Zealand,647.0,1.0
2020-04-01,New Zealand,647.0,1.0
2020-04-02,New Zealand,723.0,1.0
2020-04-03,New Zealand,772.0,1.0
2020-04-04,New Zealand,824.0,1.0
2020-04-05,New Zealand,872.0,1.0
2020-04-06,New Zealand,911.0,1.0
2020-04-07,New Zealand,943.0,1.0
2020-04-08,New Zealand,969.0,1.0
2020-04-09,New Zealand,992.0,1.0
2020-04-10,New Zealand,1015.0,2.0
2020-04-11,New Zealand,1035.0,4.0
2020-04-12,New Zealand,1049.0,4.0
2020-04-13,New Zealand,1064.0,5.0
2020-04-14,New Zealand,1072.0,9.0
2020-04-15,New Zealand,1078.0,9.0
2020-04-16,New Zealand,1084.0,9.0
2020-04-17,New Zealand,1086.0,11.0
2020-04-18,New Zealand,1094.0,11.0
2020-04-19,New Zealand,1098.0,12.0
2020-04-20,New Zealand,1105.0,12.0
2020-04-21,New Zealand,1107.0,13.0
2020-04-22,New Zealand,1112.0,14.0
2020-04-23,New Zealand,1112.0,16.0
2020-04-24,New Zealand,1114.0,17.0
2020-04-25,New Zealand,1117.0,18.0
2020-04-26,New Zealand,1121.0,18.0
2020-04-27,New Zealand,1122.0,19.0
2020-04-28,New Zealand,1124.0,19.0
2020-04-29,New Zealand,1126.0,19.0
2020-04-30,New Zealand,1129.0,19.0
2020-05-01,New Zealand,1132.0,19.0
2020-05-02,New Zealand,1134.0,20.0
2020-05-03,New Zealand,1136.0,20.0
2020-05-04,New Zealand,1137.0,20.0
2020-05-05,New Zealand,1137.0,20.0
2020-05-06,New Zealand,1138.0,21.0
2020-05-07,New Zealand,1139.0,21.0
2020-05-08,New Zealand,1141.0,21.0
2020-05-09,New Zealand,1142.0,21.0
2020-05-10,New Zealand,1144.0,21.0
2020-05-11,New Zealand,1147.0,21.0
2020-05-12,New Zealand,1147.0,21.0
2020-05-13,New Zealand,1147.0,21.0
2020-05-14,New Zealand,1147.0,21.0
2020-05-15,New Zealand,1148.0,21.0
2020-05-16,New Zealand,1148.0,21.0
2020-05-17,New Zealand,1149.0,21.0
2020-05-18,New Zealand,1149.0,21.0
2020-05-19,New Zealand,1153.0,21.0
2020-05-20,New Zealand,1153.0,21.0
2020-05-21,New Zealand,1153.0,21.0
2020-05-22,New Zealand,1154.0,21.0
2020-05-23,New Zealand,1154.0,21.0
2020-05-24,New Zealand,1154.0,21.0
2020-05-25,New Zealand,1154.0,21.0
2020-05-26,New Zealand,1154.0,21.0
2020-05-27,New Zealand,1154.0,21.0
2020-05-28,New Zealand,1154.0,22.0
2020-05-29,New Zealand,1154.0,22.0
2020-05-30,New Zealand,1154.0,22.0
2020-05-31,New Zealand,1154.0,22.0
2020-06-01,New Zealand,1154.0,22.0
2020-06-02,New Zealand,1154.0,22.0
2020-06-03,New Zealand,1154.0,22.0
2020-06-04,New Zealand,1154.0,22.0
2020-06-05,New Zealand,1154.0,22.0
2020-06-06,New Zealand,1154.0,22.0
2020-06-07,New Zealand,1154.0,22.0
2020-06-08,New Zealand,1154.0,22.0
2020-06-09,New Zealand,1154.0,22.0
2020-06-10,New Zealand,1154.0,22.0
2020-06-11,New Zealand,1154.0,22.0
2020-06-12,New Zealand,1154.0,22.0
2020-06-13,New Zealand,1154.0,22.0
2020-06-14,New Zealand,1154.0,22.0
2020-06-15,New Zealand,1154.0,22.0
2020-06-16,New Zealand,1156.0,22.0
2020-06-17,New Zealand,1156.0,22.0
2020-06-18,New Zealand,1157.0,22.0
2020-06-19,New Zealand,1157.0,22.0
2020-06-20,New Zealand,1159.0,22.0
2020-06-21,New Zealand,1161.0,22.0
2020-06-22,New Zealand,1163.0,22.0
2020-06-23,New Zealand,1165.0,22.0
2020-06-24,New Zealand,1166.0,22.0
2020-06-25,New Zealand,1169.0,22.0
2020-06-26,New Zealand,1170.0,22.0
2020-06-27,New Zealand,1172.0,22.0
2020-06-28,New Zealand,1176.0,22.0
2020-06-29,New Zealand,1178.0,22.0
2020-06-30,New Zealand,1178.0,22.0
2020-07-01,New Zealand,1178.0,22.0
2020-07-02,New Zealand,1180.0,22.0
2020-07-03,New Zealand,1180.0,22.0
2020-07-04,New Zealand,1180.0,22.0
2020-07-05,New Zealand,1183.0,22.0
2020-07-06,New Zealand,1183.0,22.0
2020-07-07,New Zealand,1186.0,22.0
2020-07-08,New Zealand,1187.0,22.0
2020-07-09,New Zealand,1190.0,22.0
2020-07-10,New Zealand,1192.0,22.0
2020-07-11,New Zealand,1193.0,22.0
2020-07-12,New Zealand,1194.0,22.0
2020-07-13,New Zealand,1194.0,22.0
2020-07-14,New Zealand,1195.0,22.0
2020-07-15,New Zealand,1197.0,22.0
2020-07-16,New Zealand,1198.0,22.0
2020-07-17,New Zealand,1199.0,22.0
2020-07-18,New Zealand,1200.0,22.0
2020-07-19,New Zealand,1203.0,22.0
2020-07-20,New Zealand,1204.0,22.0
2020-07-21,New Zealand,1205.0,22.0
2020-07-22,New Zealand,1205.0,22.0
2020-07-23,New Zealand,1205.0,22.0
2020-07-24,New Zealand,1206.0,22.0
2020-07-25,New Zealand,1206.0,22.0
2020-07-26,New Zealand,1206.0,22.0
2020-07-27,New Zealand,1206.0,22.0
2020-07-28,New Zealand,1207.0,22.0
2020-07-29,New Zealand,1209.0,22.0
2020-07-30,New Zealand,1210.0,22.0
2020-07-31,New Zealand,1210.0,22.0
2020-01-25,Australia,1.0,0.0
2020-01-26,Australia,4.0,0.0
2020-01-27,Australia,4.0,0.0
2020-01-28,Australia,4.0,0.0
2020-01-29,Australia,4.0,0.0
2020-01-30,Australia,6.0,0.0
2020-01-31,Australia,7.0,0.0
2020-02-01,Australia,9.0,0.0
2020-02-02,Australia,11.0,0.0
2020-02-03,Australia,11.0,0.0
2020-02-04,Australia,11.0,0.0
2020-02-05,Australia,12.0,0.0
2020-02-06,Australia,13.0,0.0
2020-02-07,Australia,14.0,0.0
2020-02-08,Australia,14.0,0.0
2020-02-09,Australia,14.0,0.0
2020-02-10,Australia,14.0,0.0
2020-02-11,Australia,14.0,0.0
2020-02-12,Australia,14.0,0.0
2020-02-13,Australia,14.0,0.0
2020-02-14,Australia,15.0,0.0
2020-02-15,Australia,15.0,0.0
2020-02-16,Australia,15.0,0.0
2020-02-17,Australia,15.0,0.0
2020-02-18,Australia,15.0,0.0
2020-02-19,Australia,15.0,0.0
2020-02-20,Australia,15.0,0.0
2020-02-21,Australia,17.0,0.0
2020-02-22,Australia,21.0,0.0
2020-02-23,Australia,22.0,0.0
2020-02-24,Australia,22.0,0.0
2020-02-25,Australia,22.0,0.0
2020-02-26,Australia,22.0,0.0
2020-02-27,Australia,23.0,0.0
2020-02-28,Australia,23.0,0.0
2020-02-29,Australia,25.0,0.0
2020-03-01,Australia,26.0,1.0
2020-03-02,Australia,29.0,1.0
2020-03-03,Australia,33.0,1.0
2020-03-04,Australia,41.0,1.0
2020-03-05,Australia,52.0,2.0
2020-03-06,Australia,59.0,2.0
2020-03-07,Australia,63.0,2.0
2020-03-08,Australia,74.0,3.0
2020-03-09,Australia,80.0,3.0
2020-03-10,Australia,100.0,3.0
2020-03-11,Australia,112.0,3.0
2020-03-12,Australia,126.0,3.0
2020-03-13,Australia,156.0,3.0
2020-03-14,Australia,197.0,3.0
2020-03-15,Australia,249.0,3.0
2020-03-16,Australia,298.0,5.0
2020-03-17,Australia,375.0,5.0
2020-03-18,Australia,454.0,5.0
2020-03-19,Australia,565.0,6.0
2020-03-20,Australia,709.0,6.0
2020-03-21,Australia,874.0,7.0
2020-03-22,Australia,1098.0,7.0
2020-03-23,Australia,1709.0,7.0
2020-03-24,Australia,1823.0,7.0
2020-03-25,Australia,2423.0,8.0
2020-03-26,Australia,2799.0,11.0
2020-03-27,Australia,3166.0,13.0
2020-03-28,Australia,3378.0,13.0
2020-03-29,Australia,3809.0,14.0
2020-03-30,Australia,4093.0,16.0
2020-03-31,Australia,4557.0,19.0
2020-04-01,Australia,4707.0,20.0
2020-04-02,Australia,4976.0,21.0
2020-04-03,Australia,5224.0,23.0
2020-04-04,Australia,5548.0,30.0
2020-04-05,Australia,5687.0,34.0
2020-04-06,Australia,5744.0,36.0
2020-04-07,Australia,5844.0,42.0
2020-04-08,Australia,5956.0,45.0
2020-04-09,Australia,6052.0,50.0
2020-04-10,Australia,6152.0,52.0
2020-04-11,Australia,6238.0,54.0
2020-04-12,Australia,6289.0,57.0
2020-04-13,Australia,6322.0,61.0
2020-04-14,Australia,6366.0,61.0
2020-04-15,Australia,6416.0,61.0
2020-04-16,Australia,6458.0,63.0
2020-04-17,Australia,6497.0,63.0
2020-04-18,Australia,6533.0,67.0
2020-04-19,Australia,6586.0,69.0
2020-04-20,Australia,6612.0,70.0
2020-04-21,Australia,6625.0,71.0
2020-04-22,Australia,6647.0,74.0
2020-04-23,Australia,6654.0,74.0
2020-04-24,Australia,6667.0,75.0
2020-04-25,Australia,6687.0,79.0
2020-04-26,Australia,6703.0,81.0
2020-04-27,Australia,6713.0,83.0
2020-04-28,Australia,6725.0,84.0
2020-04-29,Australia,6738.0,88.0
2020-04-30,Australia,6746.0,90.0
2020-05-01,Australia,6762.0,92.0
2020-05-02,Australia,6767.0,93.0
2020-05-03,Australia,6783.0,93.0
2020-05-04,Australia,6801.0,95.0
2020-05-05,Australia,6825.0,95.0
2020-05-06,Australia,6849.0,96.0
2020-05-07,Australia,6875.0,97.0
2020-05-08,Australia,6896.0,97.0
2020-05-09,Australia,6914.0,97.0
2020-05-10,Australia,6929.0,97.0
2020-05-11,Australia,6941.0,97.0
2020-05-12,Australia,6948.0,97.0
2020-05-13,Australia,6964.0,97.0
2020-05-14,Australia,6975.0,98.0
2020-05-15,Australia,6989.0,98.0
2020-05-16,Australia,7019.0,98.0
2020-05-17,Australia,7036.0,98.0
2020-05-18,Australia,7045.0,98.0
2020-05-19,Australia,7060.0,99.0
2020-05-20,Australia,7068.0,99.0
2020-05-21,Australia,7079.0,100.0
2020-05-22,Australia,7081.0,100.0
2020-05-23,Australia,7095.0,101.0
2020-05-24,Australia,7106.0,102.0
2020-05-25,Australia,7109.0,102.0
2020-05-26,Australia,7118.0,102.0
2020-05-27,Australia,7133.0,102.0
2020-05-28,Australia,7139.0,102.0
2020-05-29,Australia,7150.0,102.0
2020-05-30,Australia,7173.0,102.0
2020-05-31,Australia,7185.0,102.0
2020-06-01,Australia,7195.0,102.0
2020-06-02,Australia,7204.0,102.0
2020-06-03,Australia,7221.0,102.0
2020-06-04,Australia,7229.0,102.0
2020-06-05,Australia,7240.0,102.0
2020-06-06,Australia,7251.0,102.0
2020-06-07,Australia,7255.0,102.0
2020-06-08,Australia,7260.0,102.0
2020-06-09,Australia,7265.0,102.0
2020-06-10,Australia,7267.0,102.0
2020-06-11,Australia,7276.0,102.0
2020-06-12,Australia,7285.0,102.0
2020-06-13,Australia,7290.0,102.0
2020-06-14,Australia,7302.0,102.0
2020-06-15,Australia,7320.0,102.0
2020-06-16,Australia,7335.0,102.0
2020-06-17,Australia,7347.0,102.0
2020-06-18,Australia,7370.0,102.0
2020-06-19,Australia,7391.0,102.0
2020-06-20,Australia,7409.0,102.0
2020-06-21,Australia,7436.0,102.0
2020-06-22,Australia,7461.0,102.0
2020-06-23,Australia,7474.0,102.0
2020-06-24,Australia,7492.0,102.0
2020-06-25,Australia,7521.0,103.0
2020-06-26,Australia,7558.0,104.0
2020-06-27,Australia,7595.0,104.0
2020-06-28,Australia,7641.0,104.0
2020-06-29,Australia,7686.0,104.0
2020-06-30,Australia,7767.0,104.0
2020-07-01,Australia,7834.0,104.0
2020-07-02,Australia,7920.0,104.0
2020-07-03,Australia,8001.0,104.0
2020-07-04,Australia,8255.0,104.0
2020-07-05,Australia,8362.0,104.0
2020-07-06,Australia,8449.0,104.0
2020-07-07,Australia,8586.0,106.0
2020-07-08,Australia,8755.0,106.0
2020-07-09,Australia,8886.0,106.0
2020-07-10,Australia,9059.0,106.0
2020-07-11,Australia,9359.0,106.0
2020-07-12,Australia,9553.0,107.0
2020-07-13,Australia,9797.0,108.0
2020-07-14,Australia,9980.0,108.0
2020-07-15,Australia,10251.0,108.0
2020-07-16,Australia,10495.0,111.0
2020-07-17,Australia,10810.0,113.0
2020-07-18,Australia,11235.0,116.0
2020-07-19,Australia,11441.0,118.0
2020-07-20,Australia,11802.0,122.0
2020-07-21,Australia,12069.0,123.0
2020-07-22,Australia,12428.0,126.0
2020-07-23,Australia,12896.0,128.0
2020-07-24,Australia,13306.0,133.0
2020-07-25,Australia,13595.0,139.0
2020-07-26,Australia,13950.0,145.0
2020-07-27,Australia,14403.0,155.0
2020-07-28,Australia,14935.0,161.0
2020-07-29,Australia,15304.0,167.0
2020-07-30,Australia,15582.0,176.0
2020-07-31,Australia,16303.0,189.0
