Fecha,Pais,Contagios,Recuperados,Muertos
2020-01-22,China,547,28,17
2020-01-23,China,639,30,18
2020-01-24,China,916,36,26
2020-01-25,China,1399,39,42
2020-01-26,China,2062,49,56
2020-01-27,China,2863,58,82
2020-01-28,China,5494,101,131
2020-01-29,China,6070,120,133
2020-01-30,China,8124,135,171
2020-01-31,China,9783,214,213
2020-02-01,China,11871,275,259
2020-02-02,China,16607,463,361
2020-02-03,China,19693,614,425
2020-02-04,China,23680,843,490
2020-02-05,China,27409,1115,562
2020-02-06,China,30553,1476,632
2020-02-07,China,34075,1998,717
2020-02-08,China,36778,2595,804
2020-02-09,China,39790,3218,904
2020-02-10,China,42306,3917,1011
2020-02-11,China,44327,4635,1111
2020-02-12,China,44699,5079,1116
2020-02-13,China,59832,6213,1368
2020-02-14,China,66292,7973,1520
2020-02-15,China,68347,9294,1662
2020-02-16,China,70446,10748,1765
2020-02-17,China,72364,12455,1863
2020-02-18,China,74139,14199,2002
2020-02-19,China,74546,15952,2114
2020-02-20,China,74999,18002,2236
2020-02-21,China,75472,18693,2236
2020-02-22,China,76922,22687,2441
2020-02-23,China,76938,23170,2443
2020-02-24,China,77152,24990,2593
2020-02-25,China,77660,27650,2663
2020-02-26,China,78065,30053,2715
2020-02-27,China,78498,32898,2744
2020-02-28,China,78824,36291,2788
2020-02-29,China,79251,39279,2835
2020-03-01,China,79826,42118,2870
2020-03-02,China,80026,44810,2912
2020-03-03,China,80151,47404,2945
2020-03-04,China,80271,49955,2981
2020-03-05,China,80422,52240,3013
2020-03-06,China,80573,53888,3042
2020-03-07,China,80652,55478,3070
2020-03-08,China,80699,57320,3097
2020-03-09,China,80735,58735,3120
2020-03-10,China,80757,60106,3136
2020-03-11,China,80921,61644,3161
2020-03-12,China,80932,62901,3172
2020-03-13,China,80945,64196,3180
2020-03-14,China,80977,65660,3193
2020-03-15,China,81003,67017,3203
2020-03-16,China,81033,67910,3217
2020-03-17,China,81058,68798,3230
2020-03-18,China,81102,69755,3241
2020-03-19,China,81156,70535,3249
2020-03-20,China,81250,71266,3253
2020-03-21,China,81305,71857,3259
2020-03-22,China,81397,72362,3265
2020-03-23,China,81496,72819,3274
2020-03-24,China,81591,73274,3281
2020-03-25,China,81661,73767,3285
2020-03-26,China,81782,74175,3291
2020-03-27,China,81897,74714,3296
2020-03-28,China,81999,75094,3299
2020-03-29,China,82122,75576,3304
2020-03-30,China,82198,75917,3308
2020-03-31,China,82279,76200,3309
2020-04-01,China,82361,76399,3316
2020-04-02,China,82432,76565,3322
2020-04-03,China,82511,76760,3326
2020-04-04,China,82543,76946,3330
2020-04-05,China,82602,77207,3333
2020-04-06,China,82665,77310,3335
2020-04-07,China,82718,77410,3335
2020-04-08,China,82809,77567,3337
2020-04-09,China,82883,77679,3339
2020-04-10,China,82941,77791,3340
2020-04-11,China,83014,77877,3343
2020-04-12,China,83134,77956,3343
2020-04-13,China,83213,78039,3345
2020-04-14,China,83306,78200,3345
2020-04-15,China,83356,78311,3346
2020-04-16,China,83403,78401,3346
2020-04-17,China,83760,77552,4636
2020-04-18,China,83787,77614,4636
2020-04-19,China,83805,77690,4636
2020-04-20,China,83817,77745,4636
2020-04-21,China,83853,77799,4636
2020-04-22,China,83868,77861,4636
2020-04-23,China,83884,77983,4636
2020-04-24,China,83899,78109,4636
2020-04-25,China,83909,78175,4636
2020-04-26,China,83912,78277,4637
2020-04-27,China,83918,78374,4637
2020-04-28,China,83940,78422,4637
2020-04-29,China,83944,78474,4637
2020-04-30,China,83956,78523,4637
2020-05-01,China,83959,78573,4637
2020-05-02,China,83959,78586,4637
2020-05-03,China,83964,78684,4637
2020-05-04,China,83966,78792,4637
2020-05-05,China,83968,78870,4637
2020-05-06,China,83970,78929,4637
2020-05-07,China,83975,78977,4637
2020-05-08,China,83976,78993,4637
2020-05-09,China,83990,79127,4637
2020-05-10,China,84010,79167,4637
2020-05-11,China,84011,79198,4637
2020-05-12,China,84018,79222,4637
2020-05-13,China,84024,79246,4637
2020-05-14,China,84029,79261,4637
2020-05-15,China,84038,79281,4637
2020-05-16,China,84044,79293,4638
2020-05-17,China,84054,79306,4638
2020-05-18,China,84063,79310,4638
2020-05-19,China,84063,79310,4638
2020-05-20,China,84063,79310,4638
2020-05-21,China,84063,79310,4638
2020-05-22,China,84081,79332,4638
2020-05-23,China,84084,79335,4638
2020-05-24,China,84095,79343,4638
2020-05-25,China,84102,79352,4638
2020-05-26,China,84103,79358,4638
2020-05-27,China,84106,79367,4638
2020-05-28,China,84106,79371,4638
2020-05-29,China,84123,79382,4638
2020-05-30,China,84128,79386,4638
2020-05-31,China,84146,79389,4638
2020-06-01,China,84154,79398,4638
2020-06-02,China,84161,79400,4638
2020-06-03,China,84160,79404,4638
2020-06-04,China,84171,79415,4638
2020-06-05,China,84177,79420,4638
2020-06-06,China,84186,79424,4638
2020-06-07,China,84191,79434,4638
2020-06-08,China,84195,79444,4638
2020-06-09,China,84198,79451,4638
2020-06-10,China,84209,79456,4638
2020-06-11,China,84216,79464,4638
2020-06-12,China,84228,79472,4638
2020-06-13,China,84286,79475,4638
2020-06-14,China,84335,79482,4638
2020-06-15,China,84378,79489,4638
2020-06-16,China,84422,79493,4638
2020-06-17,China,84458,79510,4638
2020-06-18,China,84494,79515,4638
2020-06-19,China,84494,79515,4638
2020-06-20,China,84553,79534,4639
2020-06-21,China,84572,79535,4639
2020-06-22,China,84624,79547,4639
2020-06-23,China,84653,79555,4640
2020-06-24,China,84673,79562,4640
2020-06-25,China,84701,79572,4641
2020-06-26,China,84725,79580,4641
2020-06-27,China,84743,79591,4641
2020-06-28,China,84757,79609,4641
2020-06-29,China,84780,79619,4641
2020-06-30,China,84785,79632,4641
2020-07-01,China,84816,79650,4641
2020-07-02,China,84830,79665,4641
2020-07-03,China,84838,79680,4641
2020-07-04,China,84857,79706,4641
2020-07-05,China,84871,79718,4641
2020-07-06,China,84889,79725,4641
2020-07-07,China,84917,79754,4641
2020-07-08,China,84950,79802,4641
2020-07-09,China,84992,79802,4641
2020-07-10,China,84992,79802,4641
2020-07-11,China,85071,79876,4641
2020-07-12,China,85117,79907,4641
2020-07-13,China,85117,79907,4641
2020-07-14,China,85226,79967,4642
2020-07-15,China,85246,80005,4644
2020-07-16,China,85314,80018,4644
2020-07-17,China,85314,80018,4644
2020-07-18,China,85314,80018,4644
2020-07-19,China,85314,80018,4644
2020-07-20,China,85314,80018,4644
2020-07-21,China,85314,80018,4644
2020-07-22,China,85906,80244,4648
2020-07-23,China,86045,80297,4649
2020-07-24,China,86202,80341,4650
2020-07-25,China,86381,80409,4652
2020-07-26,China,86570,80459,4652
2020-07-27,China,86783,80466,4656
2020-07-28,China,86990,80517,4657
2020-07-29,China,87213,80594,4658
2020-07-30,China,87489,80680,4659
2020-07-31,China,87655,80787,4661
2020-08-01,China,87827,80907,4667
2020-08-02,China,87985,81018,4669
2020-08-03,China,88099,81113,4672
2020-08-04,China,88206,81234,4676
2020-08-05,China,88328,81417,4677
2020-01-22,USA,1,0,0
2020-01-23,USA,1,0,0
2020-01-24,USA,2,0,0
2020-01-25,USA,2,0,0
2020-01-26,USA,5,0,0
2020-01-27,USA,5,0,0
2020-01-28,USA,5,0,0
2020-01-29,USA,5,0,0
2020-01-30,USA,5,0,0
2020-01-31,USA,6,0,0
2020-02-01,USA,8,0,0
2020-02-02,USA,8,0,0
2020-02-03,USA,11,0,0
2020-02-04,USA,11,0,0
2020-02-05,USA,12,0,0
2020-02-06,USA,12,0,0
2020-02-07,USA,12,0,0
2020-02-08,USA,12,0,0
2020-02-09,USA,12,3,0
2020-02-10,USA,12,3,0
2020-02-11,USA,13,3,0
2020-02-12,USA,13,3,0
2020-02-13,USA,15,3,0
2020-02-14,USA,15,3,0
2020-02-15,USA,15,3,0
2020-02-16,USA,15,3,0
2020-02-17,USA,15,3,0
2020-02-18,USA,15,3,0
2020-02-19,USA,15,3,0
2020-02-20,USA,15,3,0
2020-02-21,USA,35,5,0
2020-02-22,USA,35,5,0
2020-02-23,USA,35,5,0
2020-02-24,USA,53,5,0
2020-02-25,USA,53,6,0
2020-02-26,USA,59,6,0
2020-02-27,USA,60,6,0
2020-02-28,USA,62,7,0
2020-02-29,USA,70,7,1
2020-03-01,USA,76,7,1
2020-03-02,USA,101,7,6
2020-03-03,USA,122,8,7
2020-03-04,USA,153,8,11
2020-03-05,USA,221,8,12
2020-03-06,USA,278,8,14
2020-03-07,USA,417,8,17
2020-03-08,USA,537,8,21
2020-03-09,USA,605,8,22
2020-03-10,USA,959,8,28
2020-03-11,USA,1281,8,36
2020-03-12,USA,1663,12,40
2020-03-13,USA,2179,12,47
2020-03-14,USA,2726,12,54
2020-03-15,USA,3499,12,63
2020-03-16,USA,4632,17,85
2020-03-17,USA,6421,17,108
2020-03-18,USA,7786,106,118
2020-03-19,USA,13680,108,200
2020-03-20,USA,19101,147,244
2020-03-21,USA,25514,171,307
2020-03-22,USA,33848,0,427
2020-03-23,USA,43663,0,552
2020-03-24,USA,53736,348,706
2020-03-25,USA,65778,361,942
2020-03-26,USA,83836,681,1209
2020-03-27,USA,101657,869,1581
2020-03-28,USA,121465,1072,2026
2020-03-29,USA,140909,2665,2467
2020-03-30,USA,161831,5644,2978
2020-03-31,USA,188172,7024,3873
2020-04-01,USA,213372,8474,4757
2020-04-02,USA,243599,9001,5926
2020-04-03,USA,275586,9707,7087
2020-04-04,USA,308853,14652,8407
2020-04-05,USA,337072,17448,9619
2020-04-06,USA,366667,19581,10783
2020-04-07,USA,396223,21763,12722
2020-04-08,USA,429052,23559,14695
2020-04-09,USA,461437,25410,16478
2020-04-10,USA,496535,28790,18586
2020-04-11,USA,526396,31270,20462
2020-04-12,USA,555313,32988,22019
2020-04-13,USA,580619,43482,23528
2020-04-14,USA,607670,47763,25831
2020-04-15,USA,636350,52096,28325
2020-04-16,USA,667801,54703,32916
2020-04-17,USA,699706,58545,36773
2020-04-18,USA,732197,64840,38664
2020-04-19,USA,759086,70337,40661
2020-04-20,USA,784326,72329,42094
2020-04-21,USA,811865,75204,44444
2020-04-22,USA,840220,77366,46622
2020-04-23,USA,869170,80203,49954
2020-04-24,USA,905333,99079,51949
2020-04-25,USA,938154,100372,53755
2020-04-26,USA,965783,106988,54881
2020-04-27,USA,988090,111424,56259
2020-04-28,USA,1012582,115936,58355
2020-04-29,USA,1039909,120720,60967
2020-04-30,USA,1069424,153947,62996
2020-05-01,USA,1103461,164015,64943
2020-05-02,USA,1132539,175382,66369
2020-05-03,USA,1158040,180152,67682
2020-05-04,USA,1180375,187180,68922
2020-05-05,USA,1204351,189791,71064
2020-05-06,USA,1228603,189910,73431
2020-05-07,USA,1257023,195036,75662
2020-05-08,USA,1283929,198993,77180
2020-05-09,USA,1309550,212534,78795
2020-05-10,USA,1329260,216169,79526
2020-05-11,USA,1347881,232733,80682
2020-05-12,USA,1369574,230287,82376
2020-05-13,USA,1390406,243430,84119
2020-05-14,USA,1417774,246414,85898
2020-05-15,USA,1442824,250747,87530
2020-05-16,USA,1467820,268376,88754
2020-05-17,USA,1486757,272265,89562
2020-05-18,USA,1508308,283178,90347
2020-05-19,USA,1528568,289392,91921
2020-05-20,USA,1551853,294312,93439
2020-05-21,USA,1577147,298418,94702
2020-05-22,USA,1600937,350135,95979
2020-05-23,USA,1622612,361239,97087
2020-05-24,USA,1643246,366736,97720
2020-05-25,USA,1662302,379157,98220
2020-05-26,USA,1680913,384902,98913
2020-05-27,USA,1699176,391508,100418
2020-05-28,USA,1721753,399991,101616
2020-05-29,USA,1746019,406446,102809
2020-05-30,USA,1770165,416461,103776
2020-05-31,USA,1790172,444758,104381
2020-06-01,USA,1811020,458231,105149
2020-06-02,USA,1831821,463868,106180
2020-06-03,USA,1851520,479258,107175
2020-06-04,USA,1872660,485002,108211
2020-06-05,USA,1902632,491706,109373
2020-06-06,USA,1925765,500849,110084
2020-06-07,USA,1943880,506367,110528
2020-06-08,USA,1961428,518522,111011
2020-06-09,USA,1979489,524860,111989
2020-06-10,USA,2000464,533504,112924
2020-06-11,USA,2023347,540292,113820
2020-06-12,USA,2048986,547386,114669
2020-06-13,USA,2074526,556606,115436
2020-06-14,USA,2094058,561816,115732
2020-06-15,USA,2114026,576334,116127
2020-06-16,USA,2137731,583503,116963
2020-06-17,USA,2163290,592191,117717
2020-06-18,USA,2191053,599115,118438
2020-06-19,USA,2222812,606715,119125
2020-06-20,USA,2255119,617460,119719
2020-06-21,USA,2281290,622133,119977
2020-06-22,USA,2312300,640198,120402
2020-06-23,USA,2347022,647548,121228
2020-06-24,USA,2381493,656161,121980
2020-06-25,USA,2422299,663562,124410
2020-06-26,USA,2467554,670809,125039
2020-06-27,USA,2510151,679308,125539
2020-06-28,USA,2548996,685164,125803
2020-06-29,USA,2590651,705203,126140
2020-06-30,USA,2635417,720631,127417
2020-07-01,USA,2686258,729994,128062
2020-07-02,USA,2739879,781970,128740
2020-07-03,USA,2794153,790404,129434
2020-07-04,USA,2839436,894325,129676
2020-07-05,USA,2888635,906763,129947
2020-07-06,USA,2936077,924148,130285
2020-07-07,USA,2996098,936476,131480
2020-07-08,USA,3054699,953420,132300
2020-07-09,USA,3117946,969111,133290
2020-07-10,USA,3184573,983185,134092
2020-07-11,USA,3245925,995576,134777
2020-07-12,USA,3304942,1006326,135205
2020-07-13,USA,3364157,1031939,135566
2020-07-14,USA,3431574,1049098,136466
2020-07-15,USA,3497847,1075882,137407
2020-07-16,USA,3576157,1090645,138358
2020-07-17,USA,3647715,1107204,139266
2020-07-18,USA,3711413,1122720,140119
2020-07-19,USA,3773260,1131121,140534
2020-07-20,USA,3834677,1160087,140913
2020-07-21,USA,3899211,1182018,141995
2020-07-22,USA,3970085,1210849,143190
2020-07-23,USA,4038748,1233269,144304
2020-07-24,USA,4112531,1261624,145546
2020-07-25,USA,4178021,1279414,146460
2020-07-26,USA,4233923,1297863,146935
2020-07-27,USA,4290337,1325804,148012
2020-07-28,USA,4356206,1355363,149310
2020-07-29,USA,4426982,1389425,150713
2020-07-30,USA,4495015,1414155,152055
2020-07-31,USA,4562038,1438160,153314
2020-08-01,USA,4620444,1461885,154447
2020-08-02,USA,4667955,1468689,154860
2020-08-03,USA,4713540,1513446,155402
2020-08-04,USA,4771080,1528979,156801
2020-08-05,USA,4823890,1577851,158250
2020-02-01,Spain,1,0,0
2020-02-02,Spain,1,0,0
2020-02-03,Spain,1,0,0
2020-02-04,Spain,1,0,0
2020-02-05,Spain,1,0,0
2020-02-06,Spain,1,0,0
2020-02-07,Spain,1,0,0
2020-02-08,Spain,1,0,0
2020-02-09,Spain,2,0,0
2020-02-10,Spain,2,0,0
2020-02-11,Spain,2,0,0
2020-02-12,Spain,2,0,0
2020-02-13,Spain,2,0,0
2020-02-14,Spain,2,0,0
2020-02-15,Spain,2,2,0
2020-02-16,Spain,2,2,0
2020-02-17,Spain,2,2,0
2020-02-18,Spain,2,2,0
2020-02-19,Spain,2,2,0
2020-02-20,Spain,2,2,0
2020-02-21,Spain,2,2,0
2020-02-22,Spain,2,2,0
2020-02-23,Spain,2,2,0
2020-02-24,Spain,2,2,0
2020-02-25,Spain,6,2,0
2020-02-26,Spain,13,2,0
2020-02-27,Spain,15,2,0
2020-02-28,Spain,32,2,0
2020-02-29,Spain,45,2,0
2020-03-01,Spain,84,2,0
2020-03-02,Spain,120,2,0
2020-03-03,Spain,165,2,1
2020-03-04,Spain,222,2,2
2020-03-05,Spain,259,2,3
2020-03-06,Spain,400,2,5
2020-03-07,Spain,500,30,10
2020-03-08,Spain,673,30,17
2020-03-09,Spain,1073,32,28
2020-03-10,Spain,1695,32,35
2020-03-11,Spain,2277,183,54
2020-03-12,Spain,2277,183,55
2020-03-13,Spain,5232,193,133
2020-03-14,Spain,6391,517,195
2020-03-15,Spain,7798,517,289
2020-03-16,Spain,9942,530,342
2020-03-17,Spain,11748,1028,533
2020-03-18,Spain,13910,1081,623
2020-03-19,Spain,17963,1107,830
2020-03-20,Spain,20410,1588,1043
2020-03-21,Spain,25374,2125,1375
2020-03-22,Spain,28603,2125,1756
2020-03-23,Spain,35136,3355,2311
2020-03-24,Spain,39885,3794,2808
2020-03-25,Spain,49515,5367,3647
2020-03-26,Spain,57786,7015,4365
2020-03-27,Spain,65719,9357,5138
2020-03-28,Spain,73235,12285,5982
2020-03-29,Spain,80110,14709,6803
2020-03-30,Spain,87956,16780,7716
2020-03-31,Spain,95923,19259,8464
2020-04-01,Spain,104118,22647,9387
2020-04-02,Spain,112065,26743,10348
2020-04-03,Spain,119199,30513,11198
2020-04-04,Spain,126168,34219,11947
2020-04-05,Spain,131646,38080,12641
2020-04-06,Spain,136675,40437,13341
2020-04-07,Spain,141942,43208,14045
2020-04-08,Spain,148220,48021,14792
2020-04-09,Spain,153222,52165,15447
2020-04-10,Spain,158273,55668,16081
2020-04-11,Spain,163027,59109,16606
2020-04-12,Spain,166831,62391,17209
2020-04-13,Spain,170099,64727,17756
2020-04-14,Spain,172541,67504,18056
2020-04-15,Spain,177644,70853,18708
2020-04-16,Spain,184948,74797,19315
2020-04-17,Spain,190839,74797,20002
2020-04-18,Spain,191726,74797,20043
2020-04-19,Spain,198674,77357,20453
2020-04-20,Spain,200210,80587,20852
2020-04-21,Spain,204178,82514,21282
2020-04-22,Spain,208389,85915,21717
2020-04-23,Spain,213024,89250,22157
2020-04-24,Spain,219764,92355,22524
2020-04-25,Spain,223759,95708,22902
2020-04-26,Spain,226629,117727,23190
2020-04-27,Spain,229422,120832,23521
2020-04-28,Spain,232128,123903,23822
2020-04-29,Spain,236899,132929,24275
2020-04-30,Spain,213435,112050,24543
2020-05-01,Spain,213435,112050,24543
2020-05-02,Spain,216582,117248,25100
2020-05-03,Spain,217466,118902,25264
2020-05-04,Spain,218011,121343,25428
2020-05-05,Spain,219329,123486,25613
2020-05-06,Spain,220325,126002,25857
2020-05-07,Spain,221447,128511,26070
2020-05-08,Spain,222857,131148,26299
2020-05-09,Spain,223578,133952,26478
2020-05-10,Spain,224350,136166,26621
2020-05-11,Spain,227436,137139,26744
2020-05-12,Spain,228030,138980,26920
2020-05-13,Spain,228691,140823,27104
2020-05-14,Spain,229540,143374,27321
2020-05-15,Spain,230183,144783,27459
2020-05-16,Spain,230698,146446,27563
2020-05-17,Spain,230698,146446,27563
2020-05-18,Spain,231606,150376,27709
2020-05-19,Spain,232037,150376,27778
2020-05-20,Spain,232555,150376,27888
2020-05-21,Spain,233037,150376,27940
2020-05-22,Spain,234824,150376,28628
2020-05-23,Spain,235290,150376,28678
2020-05-24,Spain,235772,150376,28752
2020-05-25,Spain,235400,150376,26834
2020-05-26,Spain,236259,150376,27117
2020-05-27,Spain,236259,150376,27117
2020-05-28,Spain,237906,150376,27119
2020-05-29,Spain,238564,150376,27121
2020-05-30,Spain,239228,150376,27125
2020-05-31,Spain,239479,150376,27127
2020-06-01,Spain,239638,150376,27127
2020-06-02,Spain,239932,150376,27127
2020-06-03,Spain,240326,150376,27128
2020-06-04,Spain,240660,150376,27133
2020-06-05,Spain,240978,150376,27134
2020-06-06,Spain,241310,150376,27135
2020-06-07,Spain,241550,150376,27136
2020-06-08,Spain,241717,150376,27136
2020-06-09,Spain,241966,150376,27136
2020-06-10,Spain,242280,150376,27136
2020-06-11,Spain,242707,150376,27136
2020-06-12,Spain,243209,150376,27136
2020-06-13,Spain,243605,150376,27136
2020-06-14,Spain,243928,150376,27136
2020-06-15,Spain,244109,150376,27136
2020-06-16,Spain,244328,150376,27136
2020-06-17,Spain,244683,150376,27136
2020-06-18,Spain,245268,150376,27136
2020-06-19,Spain,245575,150376,28315
2020-06-20,Spain,245938,150376,28322
2020-06-21,Spain,246272,150376,28323
2020-06-22,Spain,246504,150376,28324
2020-06-23,Spain,246752,150376,28325
2020-06-24,Spain,247086,150376,28327
2020-06-25,Spain,247486,150376,28330
2020-06-26,Spain,247905,150376,28338
2020-06-27,Spain,248469,150376,28341
2020-06-28,Spain,248770,150376,28343
2020-06-29,Spain,248970,150376,28346
2020-06-30,Spain,249271,150376,28355
2020-07-01,Spain,249659,150376,28364
2020-07-02,Spain,250103,150376,28368
2020-07-03,Spain,250545,150376,28385
2020-07-04,Spain,250545,150376,28385
2020-07-05,Spain,250545,150376,28385
2020-07-06,Spain,251789,150376,28388
2020-07-07,Spain,252130,150376,28392
2020-07-08,Spain,252513,150376,28396
2020-07-09,Spain,253056,150376,28401
2020-07-10,Spain,253908,150376,28403
2020-07-11,Spain,253908,150376,28403
2020-07-12,Spain,253908,150376,28403
2020-07-13,Spain,255953,150376,28406
2020-07-14,Spain,256619,150376,28409
2020-07-15,Spain,257494,150376,28413
2020-07-16,Spain,258855,150376,28416
2020-07-17,Spain,260255,150376,28420
2020-07-18,Spain,260255,150376,28420
2020-07-19,Spain,260255,150376,28420
2020-07-20,Spain,264836,150376,28422
2020-07-21,Spain,266194,150376,28424
2020-07-22,Spain,267551,150376,28426
2020-07-23,Spain,270166,150376,28429
2020-07-24,Spain,272421,150376,28432
2020-07-25,Spain,272421,150376,28432
2020-07-26,Spain,272421,150376,28432
2020-07-27,Spain,278782,150376,28434
2020-07-28,Spain,280610,150376,28436
2020-07-29,Spain,282641,150376,28441
2020-07-30,Spain,285430,150376,28443
2020-07-31,Spain,288522,150376,28445
2020-08-01,Spain,288522,150376,28445
2020-08-02,Spain,288522,150376,28445
2020-08-03,Spain,297054,150376,28472
2020-08-04,Spain,302814,150376,28498
2020-08-05,Spain,305767,150376,28499
2020-01-31,Italy,2,0,0
2020-02-01,Italy,2,0,0
2020-02-02,Italy,2,0,0
2020-02-03,Italy,2,0,0
2020-02-04,Italy,2,0,0
2020-02-05,Italy,2,0,0
2020-02-06,Italy,2,0,0
2020-02-07,Italy,3,0,0
2020-02-08,Italy,3,0,0
2020-02-09,Italy,3,0,0
2020-02-10,Italy,3,0,0
2020-02-11,Italy,3,0,0
2020-02-12,Italy,3,0,0
2020-02-13,Italy,3,0,0
2020-02-14,Italy,3,0,0
2020-02-15,Italy,3,0,0
2020-02-16,Italy,3,0,0
2020-02-17,Italy,3,0,0
2020-02-18,Italy,3,0,0
2020-02-19,Italy,3,0,0
2020-02-20,Italy,3,0,0
2020-02-21,Italy,20,0,1
2020-02-22,Italy,62,1,2
2020-02-23,Italy,155,2,3
2020-02-24,Italy,229,1,7
2020-02-25,Italy,322,1,10
2020-02-26,Italy,453,3,12
2020-02-27,Italy,655,45,17
2020-02-28,Italy,888,46,21
2020-02-29,Italy,1128,46,29
2020-03-01,Italy,1694,83,34
2020-03-02,Italy,2036,149,52
2020-03-03,Italy,2502,160,79
2020-03-04,Italy,3089,276,107
2020-03-05,Italy,3858,414,148
2020-03-06,Italy,4636,523,197
2020-03-07,Italy,5883,589,233
2020-03-08,Italy,7375,622,366
2020-03-09,Italy,9172,724,463
2020-03-10,Italy,10149,724,631
2020-03-11,Italy,12462,1045,827
2020-03-12,Italy,12462,1045,827
2020-03-13,Italy,17660,1439,1266
2020-03-14,Italy,21157,1966,1441
2020-03-15,Italy,24747,2335,1809
2020-03-16,Italy,27980,2749,2158
2020-03-17,Italy,31506,2941,2503
2020-03-18,Italy,35713,4025,2978
2020-03-19,Italy,41035,4440,3405
2020-03-20,Italy,47021,4440,4032
2020-03-21,Italy,53578,6072,4825
2020-03-22,Italy,59138,7024,5476
2020-03-23,Italy,63927,7432,6077
2020-03-24,Italy,69176,8326,6820
2020-03-25,Italy,74386,9362,7503
2020-03-26,Italy,80589,10361,8215
2020-03-27,Italy,86498,10950,9134
2020-03-28,Italy,92472,12384,10023
2020-03-29,Italy,97689,13030,10779
2020-03-30,Italy,101739,14620,11591
2020-03-31,Italy,105792,15729,12428
2020-04-01,Italy,110574,16847,13155
2020-04-02,Italy,115242,18278,13915
2020-04-03,Italy,119827,19758,14681
2020-04-04,Italy,124632,20996,15362
2020-04-05,Italy,128948,21815,15887
2020-04-06,Italy,132547,22837,16523
2020-04-07,Italy,135586,24392,17127
2020-04-08,Italy,139422,26491,17669
2020-04-09,Italy,143626,28470,18279
2020-04-10,Italy,147577,30455,18849
2020-04-11,Italy,152271,32534,19468
2020-04-12,Italy,156363,34211,19899
2020-04-13,Italy,159516,35435,20465
2020-04-14,Italy,162488,37130,21067
2020-04-15,Italy,165155,38092,21645
2020-04-16,Italy,168941,40164,22170
2020-04-17,Italy,172434,42727,22745
2020-04-18,Italy,175925,44927,23227
2020-04-19,Italy,178972,47055,23660
2020-04-20,Italy,181228,48877,24114
2020-04-21,Italy,183957,51600,24648
2020-04-22,Italy,187327,54543,25085
2020-04-23,Italy,189973,57576,25549
2020-04-24,Italy,192994,60498,25969
2020-04-25,Italy,195351,63120,26384
2020-04-26,Italy,197675,64928,26644
2020-04-27,Italy,199414,66624,26977
2020-04-28,Italy,201505,68941,27359
2020-04-29,Italy,203591,71252,27682
2020-04-30,Italy,205463,75945,27967
2020-05-01,Italy,207428,78249,28236
2020-05-02,Italy,209328,79914,28710
2020-05-03,Italy,210717,81654,28884
2020-05-04,Italy,211938,82879,29079
2020-05-05,Italy,213013,85231,29315
2020-05-06,Italy,214457,93245,29684
2020-05-07,Italy,215858,96276,29958
2020-05-08,Italy,217185,99023,30201
2020-05-09,Italy,218268,103031,30395
2020-05-10,Italy,219070,105186,30560
2020-05-11,Italy,219814,106587,30739
2020-05-12,Italy,221216,109039,30911
2020-05-13,Italy,222104,112541,31106
2020-05-14,Italy,223096,115288,31368
2020-05-15,Italy,223885,120205,31610
2020-05-16,Italy,224760,122810,31763
2020-05-17,Italy,225435,125176,31908
2020-05-18,Italy,225886,127326,32007
2020-05-19,Italy,226699,129401,32169
2020-05-20,Italy,227364,132282,32330
2020-05-21,Italy,228006,134560,32486
2020-05-22,Italy,228658,136720,32616
2020-05-23,Italy,229327,138840,32735
2020-05-24,Italy,229858,140479,32785
2020-05-25,Italy,230158,141981,32877
2020-05-26,Italy,230555,144658,32955
2020-05-27,Italy,231139,147101,33072
2020-05-28,Italy,231732,150604,33142
2020-05-29,Italy,232248,152844,33229
2020-05-30,Italy,232664,155633,33340
2020-05-31,Italy,232997,157507,33415
2020-06-01,Italy,233197,158355,33475
2020-06-02,Italy,233515,160092,33530
2020-06-03,Italy,233836,160938,33601
2020-06-04,Italy,234013,161895,33689
2020-06-05,Italy,234531,163781,33774
2020-06-06,Italy,234801,165078,33846
2020-06-07,Italy,234998,165837,33899
2020-06-08,Italy,235278,166584,33964
2020-06-09,Italy,235561,168646,34043
2020-06-10,Italy,235763,169939,34114
2020-06-11,Italy,236142,171338,34167
2020-06-12,Italy,236305,173085,34223
2020-06-13,Italy,236651,174865,34301
2020-06-14,Italy,236989,176370,34345
2020-06-15,Italy,237290,177010,34371
2020-06-16,Italy,237500,178526,34405
2020-06-17,Italy,237828,179455,34448
2020-06-18,Italy,238159,180544,34514
2020-06-19,Italy,238011,181907,34561
2020-06-20,Italy,238275,182453,34610
2020-06-21,Italy,238499,182893,34634
2020-06-22,Italy,238720,183426,34657
2020-06-23,Italy,238833,184585,34675
2020-06-24,Italy,239410,186111,34644
2020-06-25,Italy,239706,186725,34678
2020-06-26,Italy,239961,187615,34708
2020-06-27,Italy,240136,188584,34716
2020-06-28,Italy,240310,188891,34738
2020-06-29,Italy,240436,189196,34744
2020-06-30,Italy,240578,190248,34767
2020-07-01,Italy,240760,190717,34788
2020-07-02,Italy,240961,191083,34818
2020-07-03,Italy,241184,191467,34833
2020-07-04,Italy,241419,191944,34854
2020-07-05,Italy,241611,192108,34861
2020-07-06,Italy,241819,192241,34869
2020-07-07,Italy,241956,192815,34899
2020-07-08,Italy,242149,193640,34914
2020-07-09,Italy,242363,193978,34926
2020-07-10,Italy,242639,194273,34938
2020-07-11,Italy,242827,194579,34945
2020-07-12,Italy,243061,194928,34954
2020-07-13,Italy,243230,195106,34967
2020-07-14,Italy,243344,195441,34984
2020-07-15,Italy,243506,196016,34997
2020-07-16,Italy,243736,196246,35017
2020-07-17,Italy,243967,196483,35028
2020-07-18,Italy,244216,196806,35042
2020-07-19,Italy,244434,196949,35045
2020-07-20,Italy,244624,197162,35058
2020-07-21,Italy,244752,197431,35073
2020-07-22,Italy,245032,197628,35082
2020-07-23,Italy,245338,197842,35092
2020-07-24,Italy,245590,198192,35097
2020-07-25,Italy,245864,198320,35102
2020-07-26,Italy,246118,198446,35107
2020-07-27,Italy,246286,198593,35112
2020-07-28,Italy,246488,198756,35123
2020-07-29,Italy,246776,199031,35129
2020-07-30,Italy,247158,199796,35132
2020-07-31,Italy,247537,199974,35141
2020-08-01,Italy,247832,200229,35146
2020-08-02,Italy,248070,200460,35154
2020-08-03,Italy,248229,200589,35166
2020-08-04,Italy,248419,200766,35171
2020-08-05,Italy,248803,200976,35181
2020-01-31,UK,2,0,0
2020-02-01,UK,2,0,0
2020-02-02,UK,2,0,0
2020-02-03,UK,2,0,0
2020-02-04,UK,2,0,0
2020-02-05,UK,2,0,0
2020-02-06,UK,2,0,0
2020-02-07,UK,3,0,0
2020-02-08,UK,3,0,0
2020-02-09,UK,3,0,0
2020-02-10,UK,8,0,0
2020-02-11,UK,8,0,0
2020-02-12,UK,9,1,0
2020-02-13,UK,9,1,0
2020-02-14,UK,9,1,0
2020-02-15,UK,9,1,0
2020-02-16,UK,9,8,0
2020-02-17,UK,9,8,0
2020-02-18,UK,9,8,0
2020-02-19,UK,9,8,0
2020-02-20,UK,9,8,0
2020-02-21,UK,9,8,0
2020-02-22,UK,9,8,0
2020-02-23,UK,9,8,0
2020-02-24,UK,13,8,0
2020-02-25,UK,13,8,0
2020-02-26,UK,13,8,0
2020-02-27,UK,15,8,0
2020-02-28,UK,20,8,0
2020-02-29,UK,23,8,0
2020-03-01,UK,36,8,0
2020-03-11,UK,459,19,8
2020-03-12,UK,459,19,8
2020-03-13,UK,801,19,8
2020-03-14,UK,1143,19,21
2020-03-15,UK,1144,19,21
2020-03-16,UK,1551,21,56
2020-03-17,UK,1960,53,56
2020-03-18,UK,2642,67,72
2020-03-19,UK,2716,67,138
2020-03-20,UK,4014,67,178
2020-03-21,UK,5067,67,234
2020-03-22,UK,5741,95,282
2020-03-23,UK,6726,140,336
2020-03-24,UK,8164,140,423
2020-03-25,UK,9640,140,466
2020-03-26,UK,11812,150,580
2020-03-27,UK,14745,151,761
2020-03-28,UK,17312,151,1021
2020-03-29,UK,19780,151,1231
2020-03-30,UK,22453,171,1411
2020-03-31,UK,25481,179,1793
2020-04-01,UK,29865,179,2357
2020-04-02,UK,34173,192,2926
2020-04-03,UK,38689,208,3611
2020-04-04,UK,42477,215,4320
2020-04-05,UK,48436,229,4943
2020-04-06,UK,52279,287,5385
2020-04-07,UK,55949,325,6171
2020-04-08,UK,61474,345,7111
2020-04-09,UK,65872,359,7993
2020-04-10,UK,74605,588,8974
2020-04-11,UK,79874,622,9892
2020-04-12,UK,85206,626,10629
2020-04-13,UK,89570,304,11347
2020-04-14,UK,94845,323,12129
2020-04-15,UK,99483,368,12894
2020-04-16,UK,104145,375,13759
2020-04-17,UK,109769,394,14607
2020-04-18,UK,115314,414,15498
2020-04-19,UK,121172,436,16095
2020-04-20,UK,125856,446,16550
2020-04-21,UK,130172,638,17378
2020-04-22,UK,134638,683,18151
2020-04-23,UK,139246,712,18791
2020-04-24,UK,144640,724,19567
2020-04-25,UK,149569,774,20381
2020-04-26,UK,154037,778,20794
2020-04-27,UK,158348,807,21157
2020-04-28,UK,162350,813,21745
2020-04-29,UK,166441,857,26166
2020-04-30,UK,172481,859,26842
2020-05-01,UK,178685,892,27583
2020-05-02,UK,183500,896,28205
2020-05-03,UK,187842,901,28520
2020-05-04,UK,191832,910,28809
2020-05-05,UK,196243,926,29501
2020-05-06,UK,202359,934,30150
2020-05-07,UK,207977,970,30689
2020-05-08,UK,212629,997,31316
2020-05-09,UK,216525,1001,31662
2020-05-10,UK,220449,1002,31930
2020-05-11,UK,224332,1015,32141
2020-05-12,UK,227741,1023,32769
2020-05-13,UK,230985,1032,33264
2020-05-14,UK,234440,1043,33693
2020-05-15,UK,238004,1047,34078
2020-05-16,UK,241461,1058,34546
2020-05-17,UK,244995,1058,34716
2020-05-18,UK,247709,1090,34876
2020-05-19,UK,250138,1099,35422
2020-05-20,UK,249619,1116,35786
2020-05-21,UK,252246,1134,36124
2020-05-22,UK,255544,1142,36475
2020-05-23,UK,258504,1149,36757
2020-05-24,UK,260916,1151,36875
2020-05-25,UK,262547,1161,36996
2020-05-26,UK,266599,1161,37130
2020-05-27,UK,268619,1166,37542
2020-05-28,UK,270508,1167,37919
2020-05-29,UK,272607,1172,38243
2020-05-30,UK,274219,1187,38458
2020-05-31,UK,276156,1190,38571
2020-06-01,UK,277736,1221,39127
2020-06-02,UK,279392,1224,39452
2020-06-03,UK,281270,1212,39811
2020-06-04,UK,283079,1219,39987
2020-06-05,UK,284734,1228,40344
2020-06-06,UK,286294,1230,40548
2020-06-07,UK,287621,1239,40625
2020-06-08,UK,288834,1255,40680
2020-06-09,UK,290581,1257,40968
2020-06-10,UK,291588,1269,41213
2020-06-11,UK,292860,1278,41364
2020-06-12,UK,294402,1282,41566
2020-06-13,UK,295828,1283,41747
2020-06-14,UK,297342,1283,41783
2020-06-15,UK,298315,1284,41821
2020-06-16,UK,299600,1293,42054
2020-06-17,UK,300717,1304,42238
2020-06-18,UK,301935,1313,42373
2020-06-19,UK,303285,1319,42546
2020-06-20,UK,304580,1319,42674
2020-06-21,UK,305803,1319,42717
2020-06-22,UK,306761,1322,42731
2020-06-23,UK,307682,1330,43011
2020-06-24,UK,308337,1345,43165
2020-06-25,UK,309455,1361,43314
2020-06-26,UK,310836,1363,43498
2020-06-27,UK,311727,1364,43598
2020-06-28,UK,312640,1364,43634
2020-06-29,UK,313470,1368,43659
2020-06-30,UK,314160,1370,43815
2020-07-01,UK,314992,1372,43991
2020-07-02,UK,285268,1373,44080
2020-07-03,UK,285787,1375,44216
2020-07-04,UK,286412,1375,44283
2020-07-05,UK,286931,1375,44305
2020-07-06,UK,287290,1375,44321
2020-07-07,UK,287874,1375,44476
2020-07-08,UK,288511,1378,44602
2020-07-09,UK,289154,1378,44687
2020-07-10,UK,289678,1378,44735
2020-07-11,UK,290504,1378,44883
2020-07-12,UK,291154,1378,44904
2020-07-13,UK,291691,1384,44915
2020-07-14,UK,292931,1385,45053
2020-07-15,UK,293469,1386,45138
2020-07-16,UK,294116,1403,45204
2020-07-17,UK,294803,1403,45318
2020-07-18,UK,295632,1413,45358
2020-07-19,UK,296358,1413,45385
2020-07-20,UK,296944,1413,45397
2020-07-21,UK,297389,1414,45507
2020-07-22,UK,297952,1416,45586
2020-07-23,UK,298731,1425,45639
2020-07-24,UK,299500,1425,45762
2020-07-25,UK,300270,1427,45823
2020-07-26,UK,301020,1434,45837
2020-07-27,UK,301708,1437,45844
2020-07-28,UK,302295,1438,45963
2020-07-29,UK,303063,1438,46046
2020-07-30,UK,303910,1438,46084
2020-07-31,UK,304793,1439,46204
2020-08-01,UK,305572,1441,46278
2020-08-02,UK,306319,1444,46286
2020-08-03,UK,307251,1445,46295
2020-08-04,UK,307256,1445,46295
2020-08-05,UK,307271,1446,46295
2020-02-26,Brazil,1,0,0
2020-02-27,Brazil,1,0,0
2020-02-28,Brazil,1,0,0
2020-02-29,Brazil,2,0,0
2020-03-01,Brazil,2,0,0
2020-03-02,Brazil,2,0,0
2020-03-03,Brazil,2,0,0
2020-03-04,Brazil,4,0,0
2020-03-05,Brazil,4,0,0
2020-03-06,Brazil,13,0,0
2020-03-07,Brazil,13,0,0
2020-03-08,Brazil,20,0,0
2020-03-09,Brazil,25,0,0
2020-03-10,Brazil,31,0,0
2020-03-11,Brazil,38,0,0
2020-03-12,Brazil,52,0,0
2020-03-13,Brazil,151,0,0
2020-03-14,Brazil,151,0,0
2020-03-15,Brazil,162,0,0
2020-03-16,Brazil,200,1,0
2020-03-17,Brazil,321,2,1
2020-03-18,Brazil,372,2,3
2020-03-19,Brazil,621,2,6
2020-03-20,Brazil,793,2,11
2020-03-21,Brazil,1021,2,15
2020-03-22,Brazil,1546,2,25
2020-03-23,Brazil,1924,2,34
2020-03-24,Brazil,2247,2,46
2020-03-25,Brazil,2554,2,59
2020-03-26,Brazil,2985,6,77
2020-03-27,Brazil,3417,6,92
2020-03-28,Brazil,3904,6,111
2020-03-29,Brazil,4256,6,136
2020-03-30,Brazil,4579,120,159
2020-03-31,Brazil,5717,127,201
2020-04-01,Brazil,6836,127,240
2020-04-02,Brazil,8044,127,324
2020-04-03,Brazil,9056,127,359
2020-04-04,Brazil,10360,127,445
2020-04-05,Brazil,11130,127,486
2020-04-06,Brazil,12161,127,564
2020-04-07,Brazil,14034,127,686
2020-04-08,Brazil,16170,127,819
2020-04-09,Brazil,18092,173,950
2020-04-10,Brazil,19638,173,1057
2020-04-11,Brazil,20727,173,1124
2020-04-12,Brazil,22192,173,1223
2020-04-13,Brazil,23430,173,1328
2020-04-14,Brazil,25262,3046,1532
2020-04-15,Brazil,28320,14026,1736
2020-04-16,Brazil,30425,14026,1924
2020-04-17,Brazil,33682,14026,2141
2020-04-18,Brazil,36658,14026,2354
2020-04-19,Brazil,38654,22130,2462
2020-04-20,Brazil,40743,22130,2587
2020-04-21,Brazil,43079,22991,2741
2020-04-22,Brazil,45757,25318,2906
2020-04-23,Brazil,50036,26573,3331
2020-04-24,Brazil,54043,27655,3704
2020-04-25,Brazil,59324,29160,4057
2020-04-26,Brazil,63100,30152,4286
2020-04-27,Brazil,67446,31142,4603
2020-04-28,Brazil,73235,32544,5083
2020-04-29,Brazil,79685,34132,5513
2020-04-30,Brazil,87187,35935,6006
2020-05-01,Brazil,92202,38039,6412
2020-05-02,Brazil,97100,40937,6761
2020-05-03,Brazil,101826,42991,7051
2020-05-04,Brazil,108620,45815,7367
2020-05-05,Brazil,115455,48221,7938
2020-05-06,Brazil,126611,51370,8588
2020-05-07,Brazil,135773,55350,9190
2020-05-08,Brazil,146894,59297,10017
2020-05-09,Brazil,156061,61685,10656
2020-05-10,Brazil,162699,64957,11123
2020-05-11,Brazil,169594,67384,11653
2020-05-12,Brazil,178214,72597,12461
2020-05-13,Brazil,190137,78424,13240
2020-05-14,Brazil,203165,79479,13999
2020-05-15,Brazil,220291,84970,14962
2020-05-16,Brazil,233511,89672,15662
2020-05-17,Brazil,241080,94122,16118
2020-05-18,Brazil,255368,100459,16853
2020-05-19,Brazil,271885,106794,17983
2020-05-20,Brazil,291579,116683,18859
2020-05-21,Brazil,310087,125960,20047
2020-05-22,Brazil,330890,135430,21048
2020-05-23,Brazil,347398,142587,22013
2020-05-24,Brazil,363211,149911,22666
2020-05-25,Brazil,374898,153833,23473
2020-05-26,Brazil,391222,158593,24512
2020-05-27,Brazil,411821,166647,25598
2020-05-28,Brazil,438238,177604,26754
2020-05-29,Brazil,465166,189476,27878
2020-05-30,Brazil,498440,200892,28834
2020-05-31,Brazil,514849,206555,29314
2020-06-01,Brazil,526447,211080,29937
2020-06-02,Brazil,555383,223638,31199
2020-06-03,Brazil,584016,238617,32548
2020-06-04,Brazil,614941,254963,34021
2020-06-05,Brazil,645771,266940,35026
2020-06-06,Brazil,672846,277149,35930
2020-06-07,Brazil,691758,283952,36455
2020-06-08,Brazil,707412,378257,37134
2020-06-09,Brazil,739503,396737,38406
2020-06-10,Brazil,772416,413916,39680
2020-06-11,Brazil,802828,429965,40919
2020-06-12,Brazil,828810,445123,41828
2020-06-13,Brazil,850514,459436,42720
2020-06-14,Brazil,867624,469141,43332
2020-06-15,Brazil,888271,477709,43959
2020-06-16,Brazil,923189,490005,45241
2020-06-17,Brazil,955377,521046,46510
2020-06-18,Brazil,978142,534580,47748
2020-06-19,Brazil,1032913,551631,48954
2020-06-20,Brazil,1032913,589074,49976
2020-06-21,Brazil,1085038,600576,50617
2020-06-22,Brazil,1106470,601736,51271
2020-06-23,Brazil,1145906,627963,52645
2020-06-24,Brazil,1188631,660469,53830
2020-06-25,Brazil,1228114,679524,54971
2020-06-26,Brazil,1274974,702399,55961
2020-06-27,Brazil,1313667,727715,57070
2020-06-28,Brazil,1344143,746018,57622
2020-06-29,Brazil,1368195,757811,58314
2020-06-30,Brazil,1402041,788318,59594
2020-07-01,Brazil,1448753,926192,60632
2020-07-02,Brazil,1496858,957692,61884
2020-07-03,Brazil,1539081,984615,63174
2020-07-04,Brazil,1577004,990731,64265
2020-07-05,Brazil,1603055,1029045,64867
2020-07-06,Brazil,1623284,1062542,65487
2020-07-07,Brazil,1668589,1107012,66741
2020-07-08,Brazil,1713160,1139844,67964
2020-07-09,Brazil,1755779,1171447,69184
2020-07-10,Brazil,1800827,1217361,70398
2020-07-11,Brazil,1839850,1244088,71469
2020-07-12,Brazil,1864681,1264843,72100
2020-07-13,Brazil,1884967,1291251,72833
2020-07-14,Brazil,1926824,1323425,74133
2020-07-15,Brazil,1966748,1350098,75366
2020-07-16,Brazil,2012151,1397531,76688
2020-07-17,Brazil,2046328,1428520,77851
2020-07-18,Brazil,2074860,1447408,78772
2020-07-19,Brazil,2098389,1459072,79488
2020-07-20,Brazil,2118646,1514300,80120
2020-07-21,Brazil,2159654,1555339,81487
2020-07-22,Brazil,2227514,1591975,82771
2020-07-23,Brazil,2287475,1620313,84082
2020-07-24,Brazil,2343366,1693214,85238
2020-07-25,Brazil,2394513,1785359,86449
2020-07-26,Brazil,2419091,1812913,87004
2020-07-27,Brazil,2442375,1846641,87618
2020-07-28,Brazil,2483191,1868749,88539
2020-07-29,Brazil,2552265,1922802,90134
2020-07-30,Brazil,2610102,1956807,91263
2020-07-31,Brazil,2662485,2008854,92475
2020-08-01,Brazil,2707877,2037982,93563
2020-08-02,Brazil,2733677,2062876,94104
2020-08-03,Brazil,2750318,2098976,94665
2020-08-04,Brazil,2801921,2157484,95819
2020-08-05,Brazil,2859073,2190361,97256
2020-03-03,Argentina,1,0,0
2020-03-04,Argentina,1,0,0
2020-03-05,Argentina,1,0,0
2020-03-06,Argentina,2,0,0
2020-03-07,Argentina,8,0,0
2020-03-08,Argentina,12,0,1
2020-03-09,Argentina,12,0,1
2020-03-10,Argentina,17,0,1
2020-03-11,Argentina,19,0,1
2020-03-12,Argentina,19,0,1
2020-03-13,Argentina,31,0,2
2020-03-14,Argentina,34,1,2
2020-03-15,Argentina,45,1,2
2020-03-16,Argentina,56,1,2
2020-03-17,Argentina,68,3,2
2020-03-18,Argentina,79,3,2
2020-03-19,Argentina,97,3,3
2020-03-20,Argentina,128,3,3
2020-03-21,Argentina,158,3,4
2020-03-22,Argentina,266,27,4
2020-03-23,Argentina,266,27,4
2020-03-24,Argentina,387,52,6
2020-03-25,Argentina,387,52,8
2020-03-26,Argentina,502,63,9
2020-03-27,Argentina,589,72,13
2020-03-28,Argentina,690,72,18
2020-03-29,Argentina,745,72,19
2020-03-30,Argentina,820,228,23
2020-03-31,Argentina,1054,240,27
2020-04-01,Argentina,1054,248,28
2020-04-02,Argentina,1133,256,36
2020-04-03,Argentina,1265,266,39
2020-04-04,Argentina,1451,279,43
2020-04-05,Argentina,1451,280,44
2020-04-06,Argentina,1554,325,48
2020-04-07,Argentina,1628,338,56
2020-04-08,Argentina,1715,358,63
2020-04-09,Argentina,1795,365,72
2020-04-10,Argentina,1975,375,82
2020-04-11,Argentina,1975,440,83
2020-04-12,Argentina,2142,468,90
2020-04-13,Argentina,2208,515,97
2020-04-14,Argentina,2277,559,102
2020-04-15,Argentina,2443,596,111
2020-04-16,Argentina,2571,631,115
2020-04-17,Argentina,2669,666,123
2020-04-18,Argentina,2758,685,129
2020-04-19,Argentina,2839,709,132
2020-04-20,Argentina,2941,737,136
2020-04-21,Argentina,3031,840,147
2020-04-22,Argentina,3144,872,152
2020-04-23,Argentina,3435,919,165
2020-04-24,Argentina,3607,976,176
2020-04-25,Argentina,3780,1030,185
2020-04-26,Argentina,3892,1107,192
2020-04-27,Argentina,4003,1140,197
2020-04-28,Argentina,4127,1162,207
2020-04-29,Argentina,4285,1192,214
2020-04-30,Argentina,4428,1256,218
2020-05-01,Argentina,4532,1292,225
2020-05-02,Argentina,4681,1320,237
2020-05-03,Argentina,4783,1354,246
2020-05-04,Argentina,4887,1442,260
2020-05-05,Argentina,5020,1472,264
2020-05-06,Argentina,5208,1524,273
2020-05-07,Argentina,5371,1601,282
2020-05-08,Argentina,5611,1659,293
2020-05-09,Argentina,5776,1728,300
2020-05-10,Argentina,6034,1757,305
2020-05-11,Argentina,6278,1837,314
2020-05-12,Argentina,6563,1862,319
2020-05-13,Argentina,6879,2266,329
2020-05-14,Argentina,7134,2385,353
2020-05-15,Argentina,7479,2497,356
2020-05-16,Argentina,7805,2534,363
2020-05-17,Argentina,8068,2569,373
2020-05-18,Argentina,8371,2625,382
2020-05-19,Argentina,8809,2872,393
2020-05-20,Argentina,9283,2933,403
2020-05-21,Argentina,9931,3032,416
2020-05-22,Argentina,10649,3062,433
2020-05-23,Argentina,11353,3530,445
2020-05-24,Argentina,12076,3732,452
2020-05-25,Argentina,12628,3999,467
2020-05-26,Argentina,13228,4167,484
2020-05-27,Argentina,13933,4349,500
2020-05-28,Argentina,14702,4617,508
2020-05-29,Argentina,15419,4788,520
2020-05-30,Argentina,16214,4788,528
2020-05-31,Argentina,16851,5336,539
2020-06-01,Argentina,17415,5521,556
2020-06-02,Argentina,18319,5709,569
2020-06-03,Argentina,19268,5896,583
2020-06-04,Argentina,20197,5993,608
2020-06-05,Argentina,21037,6088,632
2020-06-06,Argentina,22020,6180,648
2020-06-07,Argentina,22794,6909,664
2020-06-08,Argentina,23620,7305,693
2020-06-09,Argentina,24761,7568,717
2020-06-10,Argentina,25987,7991,735
2020-06-11,Argentina,27373,8332,765
2020-06-12,Argentina,28764,8743,785
2020-06-13,Argentina,30295,9083,815
2020-06-14,Argentina,31577,9564,833
2020-06-15,Argentina,32785,9891,854
2020-06-16,Argentina,34159,10174,878
2020-06-17,Argentina,35552,10512,913
2020-06-18,Argentina,37510,10721,948
2020-06-19,Argentina,39570,11851,979
2020-06-20,Argentina,41204,12206,992
2020-06-21,Argentina,42785,12728,1011
2020-06-22,Argentina,44931,13153,1043
2020-06-23,Argentina,47203,13576,1078
2020-06-24,Argentina,49851,13816,1116
2020-06-25,Argentina,52457,14788,1150
2020-06-26,Argentina,55343,18416,1184
2020-06-27,Argentina,57744,19143,1207
2020-06-28,Argentina,59933,20134,1232
2020-06-29,Argentina,62268,21138,1280
2020-06-30,Argentina,64530,22028,1307
2020-07-01,Argentina,67197,23040,1351
2020-07-02,Argentina,69941,24186,1385
2020-07-03,Argentina,72786,25224,1437
2020-07-04,Argentina,75376,25930,1481
2020-07-05,Argentina,77815,27597,1507
2020-07-06,Argentina,80447,28531,1582
2020-07-07,Argentina,83426,30095,1644
2020-07-08,Argentina,87030,36502,1694
2020-07-09,Argentina,90693,38313,1720
2020-07-10,Argentina,94060,38984,1774
2020-07-11,Argentina,97509,41408,1810
2020-07-12,Argentina,100166,42694,1845
2020-07-13,Argentina,103265,44173,1903
2020-07-14,Argentina,106910,45467,1968
2020-07-15,Argentina,111146,47298,2050
2020-07-16,Argentina,114783,49120,2112
2020-07-17,Argentina,119301,49780,2178
2020-07-18,Argentina,122524,52607,2220
2020-07-19,Argentina,126755,54105,2260
2020-07-20,Argentina,130774,55913,2373
2020-07-21,Argentina,136118,58598,2490
2020-07-22,Argentina,141900,60531,2588
2020-07-23,Argentina,148027,62815,2702
2020-07-24,Argentina,153520,65447,2807
2020-07-25,Argentina,158334,68022,2893
2020-07-26,Argentina,162526,70518,2939
2020-07-27,Argentina,167416,72575,3059
2020-07-28,Argentina,173355,75083,3179
2020-07-29,Argentina,178996,77855,3288
2020-07-30,Argentina,185373,80596,3441
2020-07-31,Argentina,191302,83780,3543
2020-08-01,Argentina,196543,86499,3596
2020-08-02,Argentina,201919,89026,3648
2020-08-03,Argentina,206743,91302,3813
2020-08-04,Argentina,213535,94129,3979
2020-08-05,Argentina,220682,96948,4106
2020-03-06,Peru,1,0,0
2020-03-07,Peru,1,0,0
2020-03-08,Peru,6,0,0
2020-03-09,Peru,7,0,0
2020-03-10,Peru,11,0,0
2020-03-11,Peru,11,0,0
2020-03-12,Peru,15,0,0
2020-03-13,Peru,28,0,0
2020-03-14,Peru,38,0,0
2020-03-15,Peru,43,0,0
2020-03-16,Peru,86,0,0
2020-03-17,Peru,117,1,0
2020-03-18,Peru,145,1,0
2020-03-19,Peru,234,1,0
2020-03-20,Peru,234,1,3
2020-03-21,Peru,318,1,5
2020-03-22,Peru,363,1,5
2020-03-23,Peru,395,1,5
2020-03-24,Peru,416,1,7
2020-03-25,Peru,480,1,9
2020-03-26,Peru,580,14,9
2020-03-27,Peru,635,16,11
2020-03-28,Peru,671,16,16
2020-03-29,Peru,852,16,18
2020-03-30,Peru,950,53,24
2020-03-31,Peru,1065,394,30
2020-04-01,Peru,1323,394,38
2020-04-02,Peru,1414,537,55
2020-04-03,Peru,1595,537,61
2020-04-04,Peru,1746,914,73
2020-04-05,Peru,2281,989,83
2020-04-06,Peru,2561,997,92
2020-04-07,Peru,2954,1301,107
2020-04-08,Peru,4342,1333,121
2020-04-09,Peru,5256,1438,138
2020-04-10,Peru,5897,1569,169
2020-04-11,Peru,6848,1739,181
2020-04-12,Peru,7519,1798,193
2020-04-13,Peru,9784,2642,216
2020-04-14,Peru,10303,2869,230
2020-04-15,Peru,11475,3108,254
2020-04-16,Peru,12491,6120,274
2020-04-17,Peru,13489,6541,300
2020-04-18,Peru,14420,6684,348
2020-04-19,Peru,15628,6811,400
2020-04-20,Peru,16325,6968,445
2020-04-21,Peru,17837,6982,484
2020-04-22,Peru,19250,7027,530
2020-04-23,Peru,20914,7422,572
2020-04-24,Peru,21648,7496,634
2020-04-25,Peru,25331,7797,700
2020-04-26,Peru,27517,8088,728
2020-04-27,Peru,28699,8425,782
2020-04-28,Peru,31190,9179,854
2020-04-29,Peru,33931,10037,943
2020-04-30,Peru,36976,10405,1051
2020-05-01,Peru,40459,11129,1124
2020-05-02,Peru,42534,12434,1200
2020-05-03,Peru,45928,13550,1286
2020-05-04,Peru,47372,14427,1344
2020-05-05,Peru,51189,15413,1444
2020-05-06,Peru,54817,17527,1533
2020-05-07,Peru,58526,18388,1627
2020-05-08,Peru,61847,19012,1714
2020-05-09,Peru,65015,20246,1814
2020-05-10,Peru,67307,21349,1889
2020-05-11,Peru,68822,22406,1961
2020-05-12,Peru,72059,23324,2057
2020-05-13,Peru,76306,24324,2169
2020-05-14,Peru,80604,25151,2267
2020-05-15,Peru,84495,27147,2392
2020-05-16,Peru,88541,28272,2523
2020-05-17,Peru,92273,28621,2648
2020-05-18,Peru,94933,30306,2789
2020-05-19,Peru,99483,36524,2914
2020-05-20,Peru,104020,41968,3024
2020-05-21,Peru,108769,43587,3148
2020-05-22,Peru,111698,44848,3244
2020-05-23,Peru,115754,47915,3373
2020-05-24,Peru,119959,49795,3456
2020-05-25,Peru,123979,50949,3629
2020-05-26,Peru,129751,52906,3788
2020-05-27,Peru,135905,56169,3983
2020-05-28,Peru,141779,59442,4099
2020-05-29,Peru,141779,62791,4099
2020-05-30,Peru,155671,66447,4371
2020-05-31,Peru,164476,67208,4506
2020-06-01,Peru,170039,68507,4634
2020-06-02,Peru,178165,69257,4767
2020-06-03,Peru,178914,72319,4894
2020-06-04,Peru,183198,76228,5031
2020-06-05,Peru,187400,79214,5162
2020-06-06,Peru,191758,82731,5301
2020-06-07,Peru,196515,86219,5465
2020-06-08,Peru,199696,89556,5571
2020-06-09,Peru,203736,92929,5738
2020-06-10,Peru,208823,98031,5903
2020-06-11,Peru,214788,102429,6088
2020-06-12,Peru,214788,107133,6088
2020-06-13,Peru,220749,111724,6308
2020-06-14,Peru,229736,115579,6688
2020-06-15,Peru,232992,119409,6860
2020-06-16,Peru,237156,125205,7056
2020-06-17,Peru,240908,128622,7257
2020-06-18,Peru,244388,131190,7461
2020-06-19,Peru,244388,131190,7461
2020-06-20,Peru,251338,143017,7861
2020-06-21,Peru,251338,141967,7861
2020-06-22,Peru,257447,145320,8223
2020-06-23,Peru,260810,148437,8404
2020-06-24,Peru,264689,151589,8586
2020-06-25,Peru,268602,151225,8761
2020-06-26,Peru,272364,159806,8939
2020-06-27,Peru,275989,164024,9135
2020-06-28,Peru,279419,167998,9317
2020-06-29,Peru,282365,171159,9504
2020-06-30,Peru,285213,174535,9677
2020-07-01,Peru,288477,178245,9860
2020-07-02,Peru,292004,182097,10045
2020-07-03,Peru,295599,185852,10226
2020-07-04,Peru,299080,189621,10412
2020-07-05,Peru,302718,193957,10589
2020-07-06,Peru,305703,197619,10772
2020-07-07,Peru,309278,200938,10952
2020-07-08,Peru,312911,204748,11133
2020-07-09,Peru,316448,207802,11314
2020-07-10,Peru,319646,210638,11500
2020-07-11,Peru,322710,214152,11682
2020-07-12,Peru,326326,217111,11870
2020-07-13,Peru,330123,221008,12054
2020-07-14,Peru,333867,223261,12229
2020-07-15,Peru,337751,226400,12417
2020-07-16,Peru,341586,230994,12615
2020-07-17,Peru,345537,233982,12799
2020-07-18,Peru,349500,238086,12998
2020-07-19,Peru,353590,241955,13187
2020-07-20,Peru,353590,245081,13187
2020-07-21,Peru,362087,248746,13579
2020-07-22,Peru,366550,252246,13767
2020-07-23,Peru,371096,255945,17654
2020-07-24,Peru,375961,259423,17843
2020-07-25,Peru,375961,259423,17843
2020-07-26,Peru,375961,267850,17843
2020-07-27,Peru,389717,272547,18418
2020-07-28,Peru,395005,276452,18612
2020-07-29,Peru,400683,280044,18816
2020-07-30,Peru,400683,283915,18816
2020-07-31,Peru,407492,283915,19021
2020-08-01,Peru,407492,287127,19021
2020-08-02,Peru,428850,294187,19614
2020-08-03,Peru,433100,298091,19811
2020-08-04,Peru,439890,302457,20007
2020-08-05,Peru,447624,306430,20228
2020-03-01,Ecuador,6,0,0
2020-03-02,Ecuador,6,0,0
2020-03-03,Ecuador,7,0,0
2020-03-04,Ecuador,10,0,0
2020-03-05,Ecuador,13,0,0
2020-03-06,Ecuador,13,0,0
2020-03-07,Ecuador,13,0,0
2020-03-08,Ecuador,14,0,0
2020-03-09,Ecuador,15,0,0
2020-03-10,Ecuador,15,0,0
2020-03-11,Ecuador,17,0,0
2020-03-12,Ecuador,17,0,0
2020-03-13,Ecuador,17,0,0
2020-03-14,Ecuador,28,0,2
2020-03-15,Ecuador,28,0,2
2020-03-16,Ecuador,37,0,2
2020-03-17,Ecuador,58,0,2
2020-03-18,Ecuador,111,0,2
2020-03-19,Ecuador,199,0,3
2020-03-20,Ecuador,367,0,5
2020-03-21,Ecuador,506,3,7
2020-03-22,Ecuador,789,3,14
2020-03-23,Ecuador,981,3,18
2020-03-24,Ecuador,1082,3,27
2020-03-25,Ecuador,1173,3,28
2020-03-26,Ecuador,1403,3,34
2020-03-27,Ecuador,1595,3,36
2020-03-28,Ecuador,1823,3,48
2020-03-29,Ecuador,1924,3,58
2020-03-30,Ecuador,1962,3,60
2020-03-31,Ecuador,2240,54,75
2020-04-01,Ecuador,2748,58,93
2020-04-02,Ecuador,3163,65,120
2020-04-03,Ecuador,3368,65,145
2020-04-04,Ecuador,3465,100,172
2020-04-05,Ecuador,3646,100,180
2020-04-06,Ecuador,3747,100,191
2020-04-07,Ecuador,3747,100,191
2020-04-08,Ecuador,4450,140,242
2020-04-09,Ecuador,4965,339,272
2020-04-10,Ecuador,7161,368,297
2020-04-11,Ecuador,7257,411,315
2020-04-12,Ecuador,7466,501,333
2020-04-13,Ecuador,7529,597,355
2020-04-14,Ecuador,7603,696,369
2020-04-15,Ecuador,7858,780,388
2020-04-16,Ecuador,8225,838,403
2020-04-17,Ecuador,8450,838,421
2020-04-18,Ecuador,9022,1008,456
2020-04-19,Ecuador,9468,1061,474
2020-04-20,Ecuador,10128,1150,507
2020-04-21,Ecuador,10398,1207,520
2020-04-22,Ecuador,10850,1262,537
2020-04-23,Ecuador,11183,1328,560
2020-04-24,Ecuador,22719,1366,576
2020-04-25,Ecuador,22719,1366,576
2020-04-26,Ecuador,22719,1366,576
2020-04-27,Ecuador,23240,1557,663
2020-04-28,Ecuador,24258,1557,871
2020-04-29,Ecuador,24675,1557,883
2020-04-30,Ecuador,24934,1558,900
2020-05-01,Ecuador,26336,1913,1063
2020-05-02,Ecuador,27464,2132,1371
2020-05-03,Ecuador,29538,3300,1564
2020-05-04,Ecuador,31881,3433,1569
2020-05-05,Ecuador,31881,3433,1569
2020-05-06,Ecuador,31881,3433,1618
2020-05-07,Ecuador,30298,3433,1654
2020-05-08,Ecuador,28818,3433,1704
2020-05-09,Ecuador,29071,3433,1717
2020-05-10,Ecuador,29559,3433,2127
2020-05-11,Ecuador,29509,3433,2145
2020-05-12,Ecuador,30419,3433,2327
2020-05-13,Ecuador,30486,3433,2334
2020-05-14,Ecuador,30502,3433,2338
2020-05-15,Ecuador,31467,3433,2594
2020-05-16,Ecuador,32763,3433,2688
2020-05-17,Ecuador,33182,3433,2736
2020-05-18,Ecuador,33582,3433,2799
2020-05-19,Ecuador,34151,3457,2839
2020-05-20,Ecuador,34854,3557,2888
2020-05-21,Ecuador,35306,3557,2939
2020-05-22,Ecuador,35828,3557,3056
2020-05-23,Ecuador,36258,3557,3096
2020-05-24,Ecuador,36756,3560,3108
2020-05-25,Ecuador,37355,18003,3203
2020-05-26,Ecuador,37355,18003,3203
2020-05-27,Ecuador,38103,18425,3275
2020-05-28,Ecuador,38471,18425,3313
2020-05-29,Ecuador,38571,19190,3334
2020-05-30,Ecuador,38571,19190,3334
2020-05-31,Ecuador,39098,19592,3358
2020-06-01,Ecuador,39098,19592,3358
2020-06-02,Ecuador,40414,20019,3438
2020-06-03,Ecuador,40966,20019,3486
2020-06-04,Ecuador,40966,20019,3486
2020-06-05,Ecuador,41575,20568,3534
2020-06-06,Ecuador,42728,21020,3608
2020-06-07,Ecuador,43120,21020,3621
2020-06-08,Ecuador,43378,21020,3642
2020-06-09,Ecuador,43917,21020,3690
2020-06-10,Ecuador,44440,21862,3720
2020-06-11,Ecuador,44440,21862,3720
2020-06-12,Ecuador,45778,22679,3828
2020-06-13,Ecuador,46356,22865,3874
2020-06-14,Ecuador,46751,23064,3896
2020-06-15,Ecuador,47322,23349,3929
2020-06-16,Ecuador,47943,23684,3970
2020-06-17,Ecuador,48490,23881,4007
2020-06-18,Ecuador,49097,24123,4087
2020-06-19,Ecuador,49731,24446,4156
2020-06-20,Ecuador,49731,24446,4156
2020-06-21,Ecuador,50640,24991,4223
2020-06-22,Ecuador,50640,24991,4223
2020-06-23,Ecuador,51643,24991,4274
2020-06-24,Ecuador,51643,24991,4274
2020-06-25,Ecuador,53156,26097,4343
2020-06-26,Ecuador,53856,26493,4406
2020-06-27,Ecuador,54574,26920,4424
2020-06-28,Ecuador,55255,27058,4429
2020-06-29,Ecuador,55665,27430,4502
2020-06-30,Ecuador,56432,27594,4527
2020-07-01,Ecuador,58257,27887,4576
2020-07-02,Ecuador,59468,28032,4639
2020-07-03,Ecuador,60657,28391,4700
2020-07-04,Ecuador,61535,28507,4769
2020-07-05,Ecuador,61958,28722,4781
2020-07-06,Ecuador,62380,28872,4821
2020-07-07,Ecuador,63245,29071,4873
2020-07-08,Ecuador,63245,29071,4873
2020-07-09,Ecuador,64221,29184,4900
2020-07-10,Ecuador,65018,29577,4939
2020-07-11,Ecuador,67209,30107,5031
2020-07-12,Ecuador,67870,30283,5047
2020-07-13,Ecuador,68459,30369,5063
2020-07-14,Ecuador,69570,30484,5130
2020-07-15,Ecuador,70329,30641,5158
2020-07-16,Ecuador,71365,31260,5207
2020-07-17,Ecuador,72444,31404,5250
2020-07-18,Ecuador,73382,31757,5282
2020-07-19,Ecuador,74013,31901,5313
2020-07-20,Ecuador,74620,31955,5318
2020-07-21,Ecuador,76217,32725,5366
2020-07-22,Ecuador,77257,33125,5418
2020-07-23,Ecuador,78148,33455,5439
2020-07-24,Ecuador,79049,34544,5468
2020-07-25,Ecuador,80036,34544,5507
2020-07-26,Ecuador,80694,34896,5515
2020-07-27,Ecuador,81161,34896,5532
2020-07-28,Ecuador,82279,35283,5584
2020-07-29,Ecuador,83193,35572,5623
2020-07-30,Ecuador,84370,35824,5657
2020-07-31,Ecuador,85355,36044,5702
2020-08-01,Ecuador,86232,36213,5736
2020-08-02,Ecuador,86232,36213,5736
2020-08-03,Ecuador,87041,59344,5767
2020-08-04,Ecuador,87963,70985,5808
2020-08-05,Ecuador,88866,71168,5847
2020-01-22,South Korea,1,0,0
2020-01-23,South Korea,1,0,0
2020-01-24,South Korea,2,0,0
2020-01-25,South Korea,2,0,0
2020-01-26,South Korea,3,0,0
2020-01-27,South Korea,4,0,0
2020-01-28,South Korea,4,0,0
2020-01-29,South Korea,4,0,0
2020-01-30,South Korea,4,0,0
2020-01-31,South Korea,11,0,0
2020-02-01,South Korea,12,0,0
2020-02-02,South Korea,15,0,0
2020-02-03,South Korea,15,0,0
2020-02-04,South Korea,16,0,0
2020-02-05,South Korea,19,0,0
2020-02-06,South Korea,23,0,0
2020-02-07,South Korea,24,1,0
2020-02-08,South Korea,24,1,0
2020-02-09,South Korea,25,3,0
2020-02-10,South Korea,27,3,0
2020-02-11,South Korea,28,3,0
2020-02-12,South Korea,28,7,0
2020-02-13,South Korea,28,7,0
2020-02-14,South Korea,28,7,0
2020-02-15,South Korea,28,9,0
2020-02-16,South Korea,29,9,0
2020-02-17,South Korea,30,10,0
2020-02-18,South Korea,31,12,0
2020-02-19,South Korea,31,12,0
2020-02-20,South Korea,104,16,1
2020-02-21,South Korea,204,16,2
2020-02-22,South Korea,433,16,2
2020-02-23,South Korea,602,18,6
2020-02-24,South Korea,833,18,8
2020-02-25,South Korea,977,22,10
2020-02-26,South Korea,1261,22,12
2020-02-27,South Korea,1766,22,13
2020-02-28,South Korea,2337,22,13
2020-02-29,South Korea,3150,27,16
2020-03-01,South Korea,3736,30,17
2020-03-02,South Korea,4335,30,28
2020-03-03,South Korea,5186,30,28
2020-03-04,South Korea,5621,41,35
2020-03-05,South Korea,6088,41,35
2020-03-06,South Korea,6593,135,42
2020-03-07,South Korea,7041,135,44
2020-03-08,South Korea,7314,118,50
2020-03-09,South Korea,7478,118,53
2020-03-10,South Korea,7478,118,53
2020-03-12,South Korea,7869,333,66
2020-03-13,South Korea,7979,510,66
2020-03-14,South Korea,8086,510,72
2020-03-15,South Korea,8162,510,75
2020-03-16,South Korea,8236,1137,75
2020-03-17,South Korea,8320,1407,81
2020-03-18,South Korea,8413,1540,84
2020-03-19,South Korea,8565,1540,91
2020-03-20,South Korea,8652,1540,94
2020-03-21,South Korea,8799,1540,102
2020-03-22,South Korea,8897,2909,104
2020-03-23,South Korea,8961,3166,111
2020-03-24,South Korea,9037,3507,120
2020-03-25,South Korea,9137,3730,126
2020-03-26,South Korea,9241,4144,131
2020-03-27,South Korea,9332,4528,139
2020-03-28,South Korea,9478,4811,144
2020-03-29,South Korea,9583,5033,152
2020-03-30,South Korea,9661,5228,158
2020-03-31,South Korea,9786,5408,162
2020-04-01,South Korea,9887,5567,165
2020-04-02,South Korea,9976,5828,169
2020-04-03,South Korea,10062,6021,174
2020-04-04,South Korea,10156,6325,177
2020-04-05,South Korea,10237,6463,183
2020-04-06,South Korea,10284,6598,186
2020-04-07,South Korea,10331,6694,192
2020-04-08,South Korea,10384,6776,200
2020-04-09,South Korea,10423,6973,204
2020-04-10,South Korea,10450,7117,208
2020-04-11,South Korea,10480,7243,211
2020-04-12,South Korea,10512,7368,214
2020-04-13,South Korea,10537,7447,217
2020-04-14,South Korea,10564,7534,222
2020-04-15,South Korea,10591,7616,225
2020-04-16,South Korea,10613,7757,229
2020-04-17,South Korea,10635,7829,230
2020-04-18,South Korea,10653,7937,232
2020-04-19,South Korea,10661,8042,234
2020-04-20,South Korea,10674,8114,236
2020-04-21,South Korea,10683,8213,237
2020-04-22,South Korea,10694,8277,238
2020-04-23,South Korea,10708,8501,240
2020-04-24,South Korea,10718,8635,240
2020-04-25,South Korea,10728,8717,242
2020-04-26,South Korea,10738,8764,243
2020-04-27,South Korea,10752,8854,244
2020-04-28,South Korea,10761,8922,246
2020-04-29,South Korea,10765,9059,247
2020-04-30,South Korea,10774,9072,248
2020-05-01,South Korea,10780,9123,250
2020-05-02,South Korea,10793,9183,250
2020-05-03,South Korea,10801,9217,252
2020-05-04,South Korea,10804,9283,254
2020-05-05,South Korea,10806,9333,255
2020-05-06,South Korea,10810,9419,256
2020-05-07,South Korea,10822,9484,256
2020-05-08,South Korea,10840,9568,256
2020-05-09,South Korea,10874,9610,256
2020-05-10,South Korea,10909,9632,256
2020-05-11,South Korea,10936,9670,258
2020-05-12,South Korea,10962,9695,259
2020-05-13,South Korea,10991,9762,260
2020-05-14,South Korea,11018,9821,260
2020-05-15,South Korea,11037,9851,262
2020-05-16,South Korea,11050,9888,262
2020-05-17,South Korea,11065,9904,263
2020-05-18,South Korea,11078,9938,263
2020-05-19,South Korea,11110,10066,263
2020-05-20,South Korea,11122,10135,264
2020-05-21,South Korea,11142,10162,264
2020-05-22,South Korea,11165,10194,266
2020-05-23,South Korea,11190,10213,266
2020-05-24,South Korea,11206,10226,267
2020-05-25,South Korea,11225,10275,269
2020-05-26,South Korea,11265,10295,269
2020-05-27,South Korea,11344,10340,269
2020-05-28,South Korea,11402,10363,269
2020-05-29,South Korea,11441,10398,269
2020-05-30,South Korea,11468,10405,270
2020-05-31,South Korea,11503,10422,271
2020-06-01,South Korea,11541,10446,272
2020-06-02,South Korea,11590,10467,273
2020-06-03,South Korea,11629,10499,273
2020-06-04,South Korea,11668,10506,273
2020-06-05,South Korea,11719,10531,273
2020-06-06,South Korea,11776,10552,273
2020-06-07,South Korea,11814,10563,273
2020-06-08,South Korea,11852,10589,274
2020-06-09,South Korea,11902,10611,276
2020-06-10,South Korea,11947,10654,276
2020-06-11,South Korea,12003,10669,277
2020-06-12,South Korea,12051,10691,277
2020-06-13,South Korea,12085,10718,277
2020-06-14,South Korea,12121,10730,277
2020-06-15,South Korea,12155,10760,278
2020-06-16,South Korea,12198,10774,279
2020-06-17,South Korea,12257,10800,280
2020-06-18,South Korea,12306,10835,280
2020-06-19,South Korea,12373,10856,280
2020-06-20,South Korea,12421,10868,280
2020-06-21,South Korea,12438,10881,280
2020-06-22,South Korea,12484,10908,281
2020-06-23,South Korea,12535,10930,281
2020-06-24,South Korea,12563,10974,282
2020-06-25,South Korea,12602,11172,282
2020-06-26,South Korea,12653,11317,282
2020-06-27,South Korea,12715,11364,282
2020-06-28,South Korea,12757,11429,282
2020-06-29,South Korea,12800,11537,282
2020-06-30,South Korea,12850,11613,282
2020-07-01,South Korea,12904,11684,282
2020-07-02,South Korea,12967,11759,282
2020-07-03,South Korea,13030,11811,283
2020-07-04,South Korea,13091,11832,283
2020-07-05,South Korea,13137,11848,284
2020-07-06,South Korea,13181,11914,285
2020-07-07,South Korea,13244,11970,285
2020-07-08,South Korea,13293,12019,287
2020-07-09,South Korea,13338,12065,288
2020-07-10,South Korea,13373,12144,288
2020-07-11,South Korea,13417,12178,289
2020-07-12,South Korea,13479,12204,289
2020-07-13,South Korea,13512,12282,289
2020-07-14,South Korea,13551,12348,289
2020-07-15,South Korea,13612,12396,291
2020-07-16,South Korea,13672,12460,293
2020-07-17,South Korea,13711,12519,294
2020-07-18,South Korea,13745,12556,295
2020-07-19,South Korea,13771,12572,296
2020-07-20,South Korea,13816,12643,296
2020-07-21,South Korea,13879,12698,297
2020-07-22,South Korea,13938,12758,297
2020-07-23,South Korea,13979,12817,298
2020-07-24,South Korea,14092,12866,298
2020-07-25,South Korea,14150,12890,298
2020-07-26,South Korea,14175,12905,299
2020-07-27,South Korea,14203,13007,300
2020-07-28,South Korea,14251,13069,300
2020-07-29,South Korea,14269,13132,300
2020-07-30,South Korea,14305,13183,301
2020-07-31,South Korea,14336,13233,301
2020-08-01,South Korea,14366,13259,301
2020-08-02,South Korea,14389,13280,301
2020-08-03,South Korea,14423,13352,301
2020-08-04,South Korea,14456,13406,302
2020-08-05,South Korea,14499,13501,302
2020-01-28,Germany,4,0,0
2020-01-29,Germany,4,0,0
2020-01-30,Germany,4,0,0
2020-01-31,Germany,5,0,0
2020-02-01,Germany,8,0,0
2020-02-02,Germany,10,0,0
2020-02-03,Germany,12,0,0
2020-02-04,Germany,12,0,0
2020-02-05,Germany,12,0,0
2020-02-06,Germany,12,0,0
2020-02-07,Germany,13,0,0
2020-02-08,Germany,13,0,0
2020-02-09,Germany,14,0,0
2020-02-10,Germany,14,0,0
2020-02-11,Germany,16,0,0
2020-02-12,Germany,16,0,0
2020-02-13,Germany,16,1,0
2020-02-14,Germany,16,1,0
2020-02-15,Germany,16,1,0
2020-02-16,Germany,16,1,0
2020-02-17,Germany,16,1,0
2020-02-18,Germany,16,12,0
2020-02-19,Germany,16,12,0
2020-02-20,Germany,16,12,0
2020-02-21,Germany,16,14,0
2020-02-22,Germany,16,14,0
2020-02-23,Germany,16,14,0
2020-02-24,Germany,16,14,0
2020-02-25,Germany,17,14,0
2020-02-26,Germany,27,15,0
2020-02-27,Germany,46,16,0
2020-02-28,Germany,48,16,0
2020-02-29,Germany,79,16,0
2020-03-01,Germany,130,16,0
2020-03-02,Germany,159,16,0
2020-03-03,Germany,196,16,0
2020-03-04,Germany,262,16,0
2020-03-05,Germany,482,16,0
2020-03-06,Germany,670,17,0
2020-03-07,Germany,799,18,0
2020-03-08,Germany,1040,18,0
2020-03-09,Germany,1176,18,2
2020-03-10,Germany,1457,18,2
2020-03-11,Germany,1908,25,3
2020-03-12,Germany,2078,25,3
2020-03-13,Germany,3675,46,7
2020-03-14,Germany,4585,46,9
2020-03-15,Germany,5795,46,11
2020-03-16,Germany,7272,67,17
2020-03-17,Germany,9257,67,24
2020-03-18,Germany,12327,105,28
2020-03-19,Germany,15320,113,44
2020-03-20,Germany,19848,180,67
2020-03-21,Germany,22213,233,84
2020-03-22,Germany,24873,266,94
2020-03-23,Germany,29056,453,123
2020-03-24,Germany,32986,3243,157
2020-03-25,Germany,37323,3547,206
2020-03-26,Germany,43938,5673,267
2020-03-27,Germany,50871,6658,342
2020-03-28,Germany,57695,8481,433
2020-03-29,Germany,62095,9211,533
2020-03-30,Germany,66885,13500,645
2020-03-31,Germany,71808,16100,775
2020-04-01,Germany,77872,18700,920
2020-04-02,Germany,84794,22440,1107
2020-04-03,Germany,91159,24575,1275
2020-04-04,Germany,96092,26400,1444
2020-04-05,Germany,100123,28700,1584
2020-04-06,Germany,103374,28700,1810
2020-04-07,Germany,107663,36081,2016
2020-04-08,Germany,113296,46300,2349
2020-04-09,Germany,118181,52407,2607
2020-04-10,Germany,122171,53913,2767
2020-04-11,Germany,124908,57400,2736
2020-04-12,Germany,127854,60300,3022
2020-04-13,Germany,130072,64300,3194
2020-04-14,Germany,131359,68200,3294
2020-04-15,Germany,134753,72600,3804
2020-04-16,Germany,137698,77000,4052
2020-04-17,Germany,141397,83114,4352
2020-04-18,Germany,143342,85400,4459
2020-04-19,Germany,145184,88000,4586
2020-04-20,Germany,147065,91500,4862
2020-04-21,Germany,148291,95200,5033
2020-04-22,Germany,150648,99400,5279
2020-04-23,Germany,153129,103300,5575
2020-04-24,Germany,154999,109800,5760
2020-04-25,Germany,156513,109800,5877
2020-04-26,Germany,157770,112000,5976
2020-04-27,Germany,158758,114500,6126
2020-04-28,Germany,159912,117400,6314
2020-04-29,Germany,161539,120400,6467
2020-04-30,Germany,163009,123500,6623
2020-05-01,Germany,164077,126900,6736
2020-05-02,Germany,164967,129000,6812
2020-05-03,Germany,165664,130600,6866
2020-05-04,Germany,166152,132700,6993
2020-05-05,Germany,167007,135100,6993
2020-05-06,Germany,168162,139900,7275
2020-05-07,Germany,169430,141700,7392
2020-05-08,Germany,170588,141700,7510
2020-05-09,Germany,171324,143300,7549
2020-05-10,Germany,171879,144400,7569
2020-05-11,Germany,172576,145617,7661
2020-05-12,Germany,173171,147200,7738
2020-05-13,Germany,174098,148700,7861
2020-05-14,Germany,174478,150300,7884
2020-05-15,Germany,175233,151597,7897
2020-05-16,Germany,175752,152600,7938
2020-05-17,Germany,176369,154011,7962
2020-05-18,Germany,176551,155041,8003
2020-05-19,Germany,177778,155681,8081
2020-05-20,Germany,178473,156966,8144
2020-05-21,Germany,179021,158087,8203
2020-05-22,Germany,179710,159064,8228
2020-05-23,Germany,179986,159716,8261
2020-05-24,Germany,180328,160281,8283
2020-05-25,Germany,180600,161199,8309
2020-05-26,Germany,181200,161967,8372
2020-05-27,Germany,181524,162820,8428
2020-05-28,Germany,182196,163360,8470
2020-05-29,Germany,182922,164245,8504
2020-05-30,Germany,183189,164908,8530
2020-05-31,Germany,183410,165352,8540
2020-06-01,Germany,183594,165632,8555
2020-06-02,Germany,183879,166609,8563
2020-06-03,Germany,184121,167453,8602
2020-06-04,Germany,184472,167909,8635
2020-06-05,Germany,184924,168480,8658
2020-06-06,Germany,185450,168958,8673
2020-06-07,Germany,185750,169224,8685
2020-06-08,Germany,186109,169556,8695
2020-06-09,Germany,186506,170129,8736
2020-06-10,Germany,186522,170630,8752
2020-06-11,Germany,186691,170961,8772
2020-06-12,Germany,187226,171535,8783
2020-06-13,Germany,187267,171970,8793
2020-06-14,Germany,187518,172089,8801
2020-06-15,Germany,187682,172692,8807
2020-06-16,Germany,188252,172842,8820
2020-06-17,Germany,188604,173599,8851
2020-06-18,Germany,189817,173847,8875
2020-06-19,Germany,190299,173972,8887
2020-06-20,Germany,190670,174609,8895
2020-06-21,Germany,191272,174740,8895
2020-06-22,Germany,191768,175143,8899
2020-06-23,Germany,192480,175825,8914
2020-06-24,Germany,192871,176422,8928
2020-06-25,Germany,193371,176764,8940
2020-06-26,Germany,194036,177149,8965
2020-06-27,Germany,194458,177518,8968
2020-06-28,Germany,194693,177657,8968
2020-06-29,Germany,195042,177770,8976
2020-06-30,Germany,195418,178100,8990
2020-07-01,Germany,195893,179100,8995
2020-07-02,Germany,196370,179800,9006
2020-07-03,Germany,196780,180300,9010
2020-07-04,Germany,197198,181000,9020
2020-07-05,Germany,197523,181719,9023
2020-07-06,Germany,198064,182160,9022
2020-07-07,Germany,198343,182661,9032
2020-07-08,Germany,198699,183153,9046
2020-07-09,Germany,199001,183728,9057
2020-07-10,Germany,199332,184028,9063
2020-07-11,Germany,199709,184266,9070
2020-07-12,Germany,199919,184414,9071
2020-07-13,Germany,200180,185100,9074
2020-07-14,Germany,200456,185100,9078
2020-07-15,Germany,200890,186000,9080
2020-07-16,Germany,201450,186400,9087
2020-07-17,Germany,202045,186900,9088
2020-07-18,Germany,202426,187200,9091
2020-07-19,Germany,202735,187400,9092
2020-07-20,Germany,203325,188070,9094
2020-07-21,Germany,203717,188221,9099
2020-07-22,Germany,204276,188628,9102
2020-07-23,Germany,204881,189140,9110
2020-07-24,Germany,205623,189696,9120
2020-07-25,Germany,206278,189919,9124
2020-07-26,Germany,206667,190055,9124
2020-07-27,Germany,207112,190314,9125
2020-07-28,Germany,207707,190711,9131
2020-07-29,Germany,208546,191279,9135
2020-07-30,Germany,209535,191551,9144
2020-07-31,Germany,210399,191992,9147
2020-08-01,Germany,211005,192636,9154
2020-08-02,Germany,211220,192908,9154
2020-08-03,Germany,212111,193594,9154
2020-08-04,Germany,212828,194173,9163
2020-08-05,Germany,214113,194568,9179
2020-02-28,New Zealand,1,0,0
2020-02-29,New Zealand,1,0,0
2020-03-01,New Zealand,1,0,0
2020-03-02,New Zealand,1,0,0
2020-03-03,New Zealand,1,0,0
2020-03-04,New Zealand,3,0,0
2020-03-05,New Zealand,3,0,0
2020-03-06,New Zealand,4,0,0
2020-03-07,New Zealand,5,0,0
2020-03-08,New Zealand,5,0,0
2020-03-09,New Zealand,5,0,0
2020-03-10,New Zealand,5,0,0
2020-03-11,New Zealand,5,0,0
2020-03-12,New Zealand,5,0,0
2020-03-13,New Zealand,5,0,0
2020-03-14,New Zealand,6,0,0
2020-03-15,New Zealand,8,0,0
2020-03-16,New Zealand,8,0,0
2020-03-17,New Zealand,12,0,0
2020-03-18,New Zealand,20,0,0
2020-03-19,New Zealand,28,0,0
2020-03-20,New Zealand,39,0,0
2020-03-21,New Zealand,52,0,0
2020-03-22,New Zealand,102,0,0
2020-03-23,New Zealand,102,0,0
2020-03-24,New Zealand,155,12,0
2020-03-25,New Zealand,205,22,0
2020-03-26,New Zealand,283,27,0
2020-03-27,New Zealand,368,37,0
2020-03-28,New Zealand,451,50,0
2020-03-29,New Zealand,514,56,1
2020-03-30,New Zealand,589,63,1
2020-03-31,New Zealand,647,74,1
2020-04-01,New Zealand,708,83,1
2020-04-02,New Zealand,797,92,1
2020-04-03,New Zealand,868,103,1
2020-04-04,New Zealand,950,127,1
2020-04-05,New Zealand,1039,156,1
2020-04-06,New Zealand,1106,176,1
2020-04-07,New Zealand,1160,241,1
2020-04-08,New Zealand,1210,282,1
2020-04-09,New Zealand,1239,317,1
2020-04-10,New Zealand,1283,373,2
2020-04-11,New Zealand,1312,422,4
2020-04-12,New Zealand,1330,471,4
2020-04-13,New Zealand,1349,546,5
2020-04-14,New Zealand,1366,628,9
2020-04-15,New Zealand,1386,728,9
2020-04-16,New Zealand,1401,770,9
2020-04-17,New Zealand,1409,816,11
2020-04-18,New Zealand,1422,867,11
2020-04-19,New Zealand,1431,912,12
2020-04-20,New Zealand,1440,974,12
2020-04-21,New Zealand,1445,1006,13
2020-04-22,New Zealand,1451,1036,14
2020-04-23,New Zealand,1456,1095,17
2020-04-24,New Zealand,1461,1118,18
2020-04-25,New Zealand,1470,1142,18
2020-04-26,New Zealand,1469,1180,19
2020-04-27,New Zealand,1472,1214,19
2020-04-28,New Zealand,1474,1229,19
2020-04-29,New Zealand,1476,1241,19
2020-04-30,New Zealand,1479,1252,19
2020-05-01,New Zealand,1485,1263,20
2020-05-02,New Zealand,1487,1266,20
2020-05-03,New Zealand,1487,1276,20
2020-05-04,New Zealand,1486,1302,20
2020-05-05,New Zealand,1488,1316,21
2020-05-06,New Zealand,1489,1332,21
2020-05-07,New Zealand,1490,1347,21
2020-05-08,New Zealand,1492,1368,21
2020-05-09,New Zealand,1494,1371,21
2020-05-10,New Zealand,1497,1386,21
2020-05-11,New Zealand,1497,1398,21
2020-05-12,New Zealand,1497,1402,21
2020-05-13,New Zealand,1497,1411,21
2020-05-14,New Zealand,1498,1421,21
2020-05-15,New Zealand,1498,1428,21
2020-05-16,New Zealand,1499,1433,21
2020-05-17,New Zealand,1499,1433,21
2020-05-18,New Zealand,1499,1433,21
2020-05-19,New Zealand,1503,1447,21
2020-05-20,New Zealand,1503,1452,21
2020-05-21,New Zealand,1504,1455,21
2020-05-22,New Zealand,1504,1455,21
2020-05-23,New Zealand,1504,1456,21
2020-05-24,New Zealand,1504,1456,21
2020-05-25,New Zealand,1504,1461,21
2020-05-26,New Zealand,1504,1462,21
2020-05-27,New Zealand,1504,1474,22
2020-05-28,New Zealand,1504,1481,22
2020-05-29,New Zealand,1504,1481,22
2020-05-30,New Zealand,1504,1481,22
2020-05-31,New Zealand,1504,1481,22
2020-06-01,New Zealand,1504,1481,22
2020-06-02,New Zealand,1504,1481,22
2020-06-03,New Zealand,1504,1481,22
2020-06-04,New Zealand,1504,1481,22
2020-06-05,New Zealand,1504,1481,22
2020-06-06,New Zealand,1504,1481,22
2020-06-07,New Zealand,1504,1482,22
2020-06-08,New Zealand,1504,1482,22
2020-06-09,New Zealand,1504,1482,22
2020-06-10,New Zealand,1504,1482,22
2020-06-11,New Zealand,1504,1482,22
2020-06-12,New Zealand,1504,1482,22
2020-06-13,New Zealand,1504,1482,22
2020-06-14,New Zealand,1504,1482,22
2020-06-15,New Zealand,1506,1482,22
2020-06-16,New Zealand,1506,1482,22
2020-06-17,New Zealand,1507,1482,22
2020-06-18,New Zealand,1507,1482,22
2020-06-19,New Zealand,1509,1482,22
2020-06-20,New Zealand,1511,1482,22
2020-06-21,New Zealand,1513,1482,22
2020-06-22,New Zealand,1515,1483,22
2020-06-23,New Zealand,1516,1483,22
2020-06-24,New Zealand,1519,1484,22
2020-06-25,New Zealand,1520,1484,22
2020-06-26,New Zealand,1522,1484,22
2020-06-27,New Zealand,1526,1484,22
2020-06-28,New Zealand,1528,1484,22
2020-06-29,New Zealand,1528,1484,22
2020-06-30,New Zealand,1528,1484,22
2020-07-01,New Zealand,1530,1490,22
2020-07-02,New Zealand,1530,1490,22
2020-07-03,New Zealand,1530,1490,22
2020-07-04,New Zealand,1533,1490,22
2020-07-05,New Zealand,1534,1490,22
2020-07-06,New Zealand,1536,1492,22
2020-07-07,New Zealand,1537,1492,22
2020-07-08,New Zealand,1540,1494,22
2020-07-09,New Zealand,1542,1497,22
2020-07-10,New Zealand,1543,1497,22
2020-07-11,New Zealand,1544,1497,22
2020-07-12,New Zealand,1544,1497,22
2020-07-13,New Zealand,1545,1498,22
2020-07-14,New Zealand,1547,1498,22
2020-07-15,New Zealand,1548,1499,22
2020-07-16,New Zealand,1549,1506,22
2020-07-17,New Zealand,1550,1506,22
2020-07-18,New Zealand,1553,1506,22
2020-07-19,New Zealand,1554,1506,22
2020-07-20,New Zealand,1555,1506,22
2020-07-21,New Zealand,1555,1506,22
2020-07-22,New Zealand,1555,1511,22
2020-07-23,New Zealand,1556,1513,22
2020-07-24,New Zealand,1556,1513,22
2020-07-25,New Zealand,1556,1513,22
2020-07-26,New Zealand,1556,1513,22
2020-07-27,New Zealand,1557,1514,22
2020-07-28,New Zealand,1559,1514,22
2020-07-29,New Zealand,1560,1514,22
2020-07-30,New Zealand,1560,1518,22
2020-07-31,New Zealand,1562,1518,22
2020-08-01,New Zealand,1565,1518,22
2020-08-02,New Zealand,1567,1518,22
2020-08-03,New Zealand,1567,1523,22
2020-08-04,New Zealand,1569,1523,22
2020-08-05,New Zealand,1569,1524,22
2020-01-25,Australia,4,0,0
2020-01-26,Australia,4,0,0
2020-01-27,Australia,5,0,0
2020-01-28,Australia,5,0,0
2020-01-29,Australia,5,0,0
2020-01-30,Australia,9,2,0
2020-01-31,Australia,9,2,0
2020-02-01,Australia,12,2,0
2020-02-02,Australia,12,2,0
2020-02-03,Australia,12,2,0
2020-02-04,Australia,13,2,0
2020-02-05,Australia,13,2,0
2020-02-06,Australia,14,2,0
2020-02-07,Australia,15,2,0
2020-02-08,Australia,15,2,0
2020-02-09,Australia,15,2,0
2020-02-10,Australia,15,2,0
2020-02-11,Australia,15,2,0
2020-02-12,Australia,15,2,0
2020-02-13,Australia,15,8,0
2020-02-14,Australia,15,8,0
2020-02-15,Australia,15,8,0
2020-02-16,Australia,15,8,0
2020-02-17,Australia,15,10,0
2020-02-18,Australia,15,10,0
2020-02-19,Australia,15,10,0
2020-02-20,Australia,15,10,0
2020-02-21,Australia,19,11,0
2020-02-22,Australia,22,11,0
2020-02-23,Australia,22,11,0
2020-02-24,Australia,22,11,0
2020-02-25,Australia,22,11,0
2020-02-26,Australia,22,11,0
2020-02-27,Australia,23,11,0
2020-02-28,Australia,23,11,0
2020-02-29,Australia,25,11,0
2020-03-01,Australia,27,11,1
2020-03-02,Australia,30,11,1
2020-03-03,Australia,39,11,1
2020-03-04,Australia,52,11,2
2020-03-05,Australia,55,21,2
2020-03-06,Australia,60,21,2
2020-03-07,Australia,63,21,2
2020-03-08,Australia,76,21,4
2020-03-09,Australia,91,21,4
2020-03-10,Australia,107,21,3
2020-03-11,Australia,128,21,3
2020-03-12,Australia,128,21,3
2020-03-13,Australia,200,23,3
2020-03-14,Australia,250,23,3
2020-03-15,Australia,297,23,3
2020-03-16,Australia,377,23,3
2020-03-17,Australia,452,23,5
2020-03-18,Australia,568,23,6
2020-03-19,Australia,681,26,6
2020-03-20,Australia,791,26,7
2020-03-21,Australia,1071,26,7
2020-03-22,Australia,1490,92,7
2020-03-23,Australia,1682,119,7
2020-03-24,Australia,2044,119,8
2020-03-25,Australia,2364,119,8
2020-03-26,Australia,2810,172,13
2020-03-27,Australia,3143,194,13
2020-03-28,Australia,3640,244,14
2020-03-29,Australia,3984,244,16
2020-03-30,Australia,4361,257,17
2020-03-31,Australia,4559,358,18
2020-04-01,Australia,4862,422,20
2020-04-02,Australia,5116,520,24
2020-04-03,Australia,5330,649,28
2020-04-04,Australia,5550,701,30
2020-04-05,Australia,5687,757,35
2020-04-06,Australia,5797,1080,40
2020-04-07,Australia,5895,1080,45
2020-04-08,Australia,6010,1080,50
2020-04-09,Australia,6108,1472,51
2020-04-10,Australia,6215,1793,54
2020-04-11,Australia,6303,1806,57
2020-04-12,Australia,6315,1806,60
2020-04-13,Australia,6351,1806,61
2020-04-14,Australia,6415,2186,62
2020-04-15,Australia,6440,2186,63
2020-04-16,Australia,6462,2355,63
2020-04-17,Australia,6522,3808,66
2020-04-18,Australia,6547,4124,67
2020-04-19,Australia,6547,4124,67
2020-04-20,Australia,6547,4124,67
2020-04-21,Australia,6547,4124,67
2020-04-22,Australia,6547,4124,67
2020-04-23,Australia,6661,4124,75
2020-04-24,Australia,6677,4124,79
2020-04-25,Australia,6694,4223,80
2020-04-26,Australia,6714,5541,83
2020-04-27,Australia,6721,5588,83
2020-04-28,Australia,6744,5665,89
2020-04-29,Australia,6752,5715,91
2020-04-30,Australia,6766,5742,93
2020-05-01,Australia,6778,5775,93
2020-05-02,Australia,6799,5814,94
2020-05-03,Australia,6822,5849,95
2020-05-04,Australia,6847,5887,96
2020-05-05,Australia,6875,5975,97
2020-05-06,Australia,6894,6031,97
2020-05-07,Australia,6913,6078,97
2020-05-08,Australia,6918,6122,97
2020-05-09,Australia,6939,6141,97
2020-05-10,Australia,6948,6167,97
2020-05-11,Australia,6970,6213,97
2020-05-12,Australia,6980,6270,98
2020-05-13,Australia,6989,6297,98
2020-05-14,Australia,7019,6334,98
2020-05-15,Australia,7035,6359,98
2020-05-16,Australia,7044,6364,98
2020-05-17,Australia,7054,6392,99
2020-05-18,Australia,7068,6413,99
2020-05-19,Australia,7072,6431,100
2020-05-20,Australia,7081,6470,100
2020-05-21,Australia,7095,6478,101
2020-05-22,Australia,7099,6485,101
2020-05-23,Australia,7114,6508,102
2020-05-24,Australia,7114,6531,102
2020-05-25,Australia,7126,6552,102
2020-05-26,Australia,7139,6560,103
2020-05-27,Australia,7150,6579,103
2020-05-28,Australia,7165,6576,103
2020-05-29,Australia,7184,6605,103
2020-05-30,Australia,7192,6614,103
2020-05-31,Australia,7202,6618,103
2020-06-01,Australia,7221,6626,102
2020-06-02,Australia,7229,6636,102
2020-06-03,Australia,7240,6648,102
2020-06-04,Australia,7247,6683,102
2020-06-05,Australia,7252,6688,102
2020-06-06,Australia,7259,6703,102
2020-06-07,Australia,7265,6706,102
2020-06-08,Australia,7267,6720,102
2020-06-09,Australia,7274,6740,102
2020-06-10,Australia,7285,6759,102
2020-06-11,Australia,7289,6782,102
2020-06-12,Australia,7294,6803,102
2020-06-13,Australia,7320,6838,102
2020-06-14,Australia,7335,6851,102
2020-06-15,Australia,7347,6856,102
2020-06-16,Australia,7370,6861,102
2020-06-17,Australia,7391,6877,102
2020-06-18,Australia,7409,6878,102
2020-06-19,Australia,7411,6881,102
2020-06-20,Australia,7461,6896,102
2020-06-21,Australia,7474,6903,102
2020-06-22,Australia,7492,6915,102
2020-06-23,Australia,7521,6924,103
2020-06-24,Australia,7558,6931,104
2020-06-25,Australia,7595,6958,104
2020-06-26,Australia,7601,6960,104
2020-06-27,Australia,7686,6993,104
2020-06-28,Australia,7764,7007,104
2020-06-29,Australia,7834,7037,104
2020-06-30,Australia,7920,7040,104
2020-07-01,Australia,8001,7090,104
2020-07-02,Australia,8066,7130,104
2020-07-03,Australia,8260,7319,104
2020-07-04,Australia,8443,7399,104
2020-07-05,Australia,8583,7420,106
2020-07-06,Australia,8755,7455,106
2020-07-07,Australia,8886,7487,106
2020-07-08,Australia,9056,7573,106
2020-07-09,Australia,9374,7576,106
2020-07-10,Australia,9553,7733,107
2020-07-11,Australia,9797,7727,108
2020-07-12,Australia,9980,7769,108
2020-07-13,Australia,10251,7835,108
2020-07-14,Australia,10487,7928,111
2020-07-15,Australia,10810,8035,113
2020-07-16,Australia,11233,8114,116
2020-07-17,Australia,11441,8162,118
2020-07-18,Australia,11802,8274,122
2020-07-19,Australia,12069,8395,123
2020-07-20,Australia,12428,8398,126
2020-07-21,Australia,12894,8545,128
2020-07-22,Australia,13305,8775,133
2020-07-23,Australia,13595,8775,139
2020-07-24,Australia,13950,8938,145
2020-07-25,Australia,14403,9019,155
2020-07-26,Australia,14935,9174,161
2020-07-27,Australia,15303,9311,167
2020-07-28,Australia,15582,9617,176
2020-07-29,Australia,16298,9619,189
2020-07-30,Australia,16903,9759,196
2020-07-31,Australia,17280,9983,201
2020-08-01,Australia,17895,10204,208
2020-08-02,Australia,18318,10622,221
2020-08-03,Australia,18730,10623,232
2020-08-04,Australia,19445,10799,247
2020-08-05,Australia,19890,10941,255
